Date,close_price,Volume
2020-03-09 00:00:00-04:00,6.11236572265625,614160000
2020-03-10 00:00:00-04:00,6.501861095428467,580648000
2020-03-11 00:00:00-04:00,6.138018608093262,499964000
2020-03-12 00:00:00-04:00,5.386922359466553,816540000
2020-03-13 00:00:00-04:00,5.997809410095215,634836000
2020-03-16 00:00:00-04:00,4.89108943939209,726972000
2020-03-17 00:00:00-04:00,5.410829067230225,833632000
2020-03-18 00:00:00-04:00,5.050970554351807,874268000
2020-03-19 00:00:00-04:00,5.303743362426758,765512000
2020-03-20 00:00:00-04:00,5.123939037322998,804636000
2020-03-23 00:00:00-04:00,5.2967705726623535,643876000
2020-03-24 00:00:00-04:00,6.205505847930908,1101644000
2020-03-25 00:00:00-04:00,6.116848468780518,793432000
2020-03-26 00:00:00-04:00,6.406230449676514,696108000
2020-03-27 00:00:00-04:00,6.293915748596191,638828000
2020-03-30 00:00:00-04:00,6.614175319671631,602252000
2020-03-31 00:00:00-04:00,6.56461763381958,949960000
2020-04-01 00:00:00-04:00,6.0533447265625,656912000
2020-04-02 00:00:00-04:00,6.362149715423584,675764000
2020-04-03 00:00:00-04:00,6.074263095855713,663212000
2020-04-06 00:00:00-04:00,6.684154987335205,727884000
2020-04-07 00:00:00-04:00,6.450808048248291,784520000
2020-04-08 00:00:00-04:00,6.648045539855957,542444000
2020-04-09 00:00:00-04:00,6.548430442810059,525564000
2020-04-13 00:00:00-04:00,6.7202653884887695,398408000
2020-04-14 00:00:00-04:00,7.071408271789551,530948000
2020-04-15 00:00:00-04:00,6.993957996368408,366148000
2020-04-16 00:00:00-04:00,7.33912467956543,745620000
2020-04-17 00:00:00-04:00,7.2798542976379395,539120000
2020-04-20 00:00:00-04:00,7.1486077308654785,449388000
2020-04-21 00:00:00-04:00,6.711799621582031,735160000
2020-04-22 00:00:00-04:00,7.126196384429932,483356000
2020-04-23 00:00:00-04:00,7.072902202606201,424160000
2020-04-24 00:00:00-04:00,7.211864948272705,352328000
2020-04-27 00:00:00-04:00,7.398394584655762,479388000
2020-04-28 00:00:00-04:00,7.255946636199951,442904000
2020-04-29 00:00:00-04:00,7.432760238647461,379160000
2020-04-30 00:00:00-04:00,7.27885627746582,375916000
2020-05-01 00:00:00-04:00,7.042272090911865,342096000
2020-05-04 00:00:00-04:00,7.254201889038086,317556000
2020-05-05 00:00:00-04:00,7.315216064453125,368896000
2020-05-06 00:00:00-04:00,7.416075706481934,323464000
2020-05-07 00:00:00-04:00,7.5923943519592285,373732000
2020-05-08 00:00:00-04:00,7.782410621643066,339216000
2020-05-11 00:00:00-04:00,8.034432411193848,469060000
2020-05-12 00:00:00-04:00,7.77244758605957,493060000
2020-05-13 00:00:00-04:00,7.750035762786865,625852000
2020-05-14 00:00:00-04:00,7.99957275390625,602312000
2020-05-15 00:00:00-04:00,8.45804500579834,987660000
2020-05-18 00:00:00-04:00,8.716547012329102,774460000
2020-05-19 00:00:00-04:00,8.771585464477539,717320000
2020-05-20 00:00:00-04:00,8.93545150756836,587536000
2020-05-21 00:00:00-04:00,8.741453170776367,761068000
2020-05-22 00:00:00-04:00,8.991484642028809,1038764000
2020-05-26 00:00:00-04:00,8.684171676635742,770780000
2020-05-27 00:00:00-04:00,8.492416381835938,1175892000
2020-05-28 00:00:00-04:00,8.454313278198242,734896000
2020-05-29 00:00:00-04:00,8.841314315795898,745256000
2020-06-01 00:00:00-04:00,8.772330284118652,389876000
2020-06-02 00:00:00-04:00,8.791258811950684,391320000
2020-06-03 00:00:00-04:00,8.735724449157715,365440000
2020-06-04 00:00:00-04:00,8.736722946166992,424280000
2020-06-05 00:00:00-04:00,8.889699935913086,481748000
2020-06-08 00:00:00-04:00,8.7750883102417,387736000
2020-06-09 00:00:00-04:00,9.015270233154297,468488000
2020-06-10 00:00:00-04:00,9.334929466247559,632180000
2020-06-11 00:00:00-04:00,8.766368865966797,583652000
2020-06-12 00:00:00-04:00,8.902158737182617,570908000
2020-06-15 00:00:00-04:00,9.142587661743164,400004000
2020-06-16 00:00:00-04:00,9.037694931030273,535716000
2020-06-17 00:00:00-04:00,9.20462703704834,408304000
2020-06-18 00:00:00-04:00,9.186687469482422,254408000
2020-06-19 00:00:00-04:00,9.229787826538086,524160000
2020-06-22 00:00:00-04:00,9.49438762664795,398468000
2020-06-23 00:00:00-04:00,9.417898178100586,375108000
2020-06-24 00:00:00-04:00,9.20412826538086,449372000
2020-06-25 00:00:00-04:00,9.45776081085205,376072000
2020-06-26 00:00:00-04:00,9.123900413513184,592084000
2020-06-29 00:00:00-04:00,9.168747901916504,342248000
2020-06-30 00:00:00-04:00,9.46548843383789,367892000
2020-07-01 00:00:00-04:00,9.497627258300781,326648000
2020-07-02 00:00:00-04:00,9.579596519470215,364056000
2020-07-06 00:00:00-04:00,9.805825233459473,315892000
2020-07-07 00:00:00-04:00,9.838215827941895,357800000
2020-07-08 00:00:00-04:00,10.181296348571777,365480000
2020-07-09 00:00:00-04:00,10.473301887512207,494548000
2020-07-10 00:00:00-04:00,10.443653106689453,497676000
2020-07-13 00:00:00-04:00,10.01810359954834,457076000
2020-07-14 00:00:00-04:00,10.34174919128418,542676000
2020-07-15 00:00:00-04:00,10.192508697509766,403984000
2020-07-16 00:00:00-04:00,10.100321769714355,344964000
2020-07-17 00:00:00-04:00,10.166844367980957,266284000
2020-07-20 00:00:00-04:00,10.475045204162598,284852000
2020-07-21 00:00:00-04:00,10.293414115905762,277036000
2020-07-22 00:00:00-04:00,10.403290748596191,367292000
2020-07-23 00:00:00-04:00,10.09533977508545,411660000
2020-07-24 00:00:00-04:00,10.159869194030762,473292000
2020-07-27 00:00:00-04:00,10.386099815368652,292132000
2020-07-28 00:00:00-04:00,10.18079948425293,271636000
2020-07-29 00:00:00-04:00,10.429948806762695,284508000
2020-07-30 00:00:00-04:00,10.577943801879883,308880000
2020-07-31 00:00:00-04:00,10.578691482543945,386080000
2020-08-03 00:00:00-04:00,10.972846984863281,412720000
2020-08-04 00:00:00-04:00,11.189608573913574,310336000
2020-08-05 00:00:00-04:00,11.248408317565918,249924000
2020-08-06 00:00:00-04:00,11.296993255615234,244316000
2020-08-07 00:00:00-04:00,11.161455154418945,342516000
2020-08-10 00:00:00-04:00,11.127073287963867,427796000
2020-08-11 00:00:00-04:00,10.813143730163574,354512000
2020-08-12 00:00:00-04:00,11.401388168334961,464412000
2020-08-13 00:00:00-04:00,11.404129981994629,374460000
2020-08-14 00:00:00-04:00,11.5247163772583,366436000
2020-08-17 00:00:00-04:00,12.295088768005371,621300000
2020-08-18 00:00:00-04:00,12.219099998474121,503448000
2020-08-19 00:00:00-04:00,12.09726619720459,622624000
2020-08-20 00:00:00-04:00,12.099759101867676,921388000
2020-08-21 00:00:00-04:00,12.640413284301758,999868000
2020-08-24 00:00:00-04:00,12.67703914642334,490564000
2020-08-25 00:00:00-04:00,12.706690788269043,289076000
2020-08-26 00:00:00-04:00,12.729610443115234,321244000
2020-08-27 00:00:00-04:00,12.58535385131836,317604000
2020-08-28 00:00:00-04:00,13.10308837890625,537160000
2020-08-31 00:00:00-04:00,13.329068183898926,500840000
2020-09-01 00:00:00-04:00,13.77817153930664,511316000
2020-09-02 00:00:00-04:00,14.302045822143555,874012000
2020-09-03 00:00:00-04:00,12.975168228149414,945128000
2020-09-04 00:00:00-04:00,12.583385467529297,1463684000
2020-09-08 00:00:00-04:00,11.87608528137207,795728000
2020-09-09 00:00:00-04:00,12.675600051879883,736200000
2020-09-10 00:00:00-04:00,12.273601531982422,698684000
2020-09-11 00:00:00-04:00,12.12680435180664,636928000
2020-09-14 00:00:00-04:00,12.83236026763916,1201744000
2020-09-15 00:00:00-04:00,12.950743675231934,727556000
2020-09-16 00:00:00-04:00,12.47572135925293,556384000
2020-09-17 00:00:00-04:00,12.424880027770996,792512000
2020-09-18 00:00:00-04:00,12.15147876739502,698460000
2020-09-21 00:00:00-04:00,12.478459358215332,721044000
2020-09-22 00:00:00-04:00,12.598586082458496,646452000
2020-09-23 00:00:00-04:00,12.08617877960205,647012000
2020-09-24 00:00:00-04:00,12.309735298156738,731240000
2020-09-25 00:00:00-04:00,12.833856582641602,588016000
2020-09-28 00:00:00-04:00,12.994606971740723,573808000
2020-09-29 00:00:00-04:00,13.18476676940918,621460000
2020-09-30 00:00:00-04:00,13.48857307434082,689184000
2020-10-01 00:00:00-04:00,13.572312355041504,525004000
2020-10-02 00:00:00-04:00,13.021772384643555,552496000
2020-10-05 00:00:00-04:00,13.600224494934082,479820000
2020-10-06 00:00:00-04:00,13.69393253326416,784420000
2020-10-07 00:00:00-04:00,13.920730590820312,418084000
2020-10-08 00:00:00-04:00,13.795865058898926,378900000
2020-10-09 00:00:00-04:00,13.720101356506348,346892000
2020-10-12 00:00:00-04:00,14.181916236877441,434744000
2020-10-13 00:00:00-04:00,14.204094886779785,344604000
2020-10-14 00:00:00-04:00,14.051570892333984,276100000
2020-10-15 00:00:00-04:00,13.926708221435547,267224000
2020-10-16 00:00:00-04:00,13.768699645996094,242392000
2020-10-19 00:00:00-04:00,13.455924987792969,298068000
2020-10-20 00:00:00-04:00,13.6032133102417,229212000
2020-10-21 00:00:00-04:00,13.482839584350586,219596000
2020-10-22 00:00:00-04:00,13.319596290588379,290480000
2020-10-23 00:00:00-04:00,13.548136711120605,233484000
2020-10-26 00:00:00-04:00,13.100526809692383,336896000
2020-10-27 00:00:00-04:00,13.355238914489746,250520000
2020-10-28 00:00:00-04:00,12.587872505187988,376520000
2020-10-29 00:00:00-04:00,12.983644485473633,320080000
2020-10-30 00:00:00-04:00,12.495160102844238,416820000
2020-11-02 00:00:00-05:00,12.541766166687012,299652000
2020-11-03 00:00:00-05:00,12.979155540466309,272900000
2020-11-04 00:00:00-05:00,13.75150203704834,410228000
2020-11-05 00:00:00-05:00,14.116120338439941,319028000
2020-11-06 00:00:00-05:00,14.516873359680176,383348000
2020-11-09 00:00:00-05:00,13.58851146697998,582976000
2020-11-10 00:00:00-05:00,12.730428695678711,644068000
2020-11-11 00:00:00-05:00,13.376420021057129,404744000
2020-11-12 00:00:00-05:00,13.415051460266113,365812000
2020-11-13 00:00:00-05:00,13.255791664123535,346312000
2020-11-16 00:00:00-05:00,13.473369598388672,413776000
2020-11-17 00:00:00-05:00,13.380657196044922,312028000
2020-11-18 00:00:00-05:00,13.387136459350586,510924000
2020-11-19 00:00:00-05:00,13.398602485656738,565936000
2020-11-20 00:00:00-05:00,13.047196388244629,341088000
2020-11-23 00:00:00-05:00,13.099282264709473,361356000
2020-11-24 00:00:00-05:00,12.917596817016602,346500000
2020-11-25 00:00:00-05:00,13.193737983703613,259916000
2020-11-27 00:00:00-05:00,13.220157623291016,167276000
2020-11-30 00:00:00-05:00,13.359971046447754,286952000
2020-12-01 00:00:00-05:00,13.348505973815918,296948000
2020-12-02 00:00:00-05:00,13.50252628326416,283360000
2020-12-03 00:00:00-05:00,13.358433723449707,199520000
2020-12-04 00:00:00-05:00,13.520227432250977,202244000
2020-12-07 00:00:00-05:00,13.568592071533203,223244000
2020-12-08 00:00:00-05:00,13.31256103515625,271920000
2020-12-09 00:00:00-05:00,12.894486427307129,401300000
2020-12-10 00:00:00-05:00,12.935870170593262,207764000
2020-12-11 00:00:00-05:00,12.97675609588623,209264000
2020-12-14 00:00:00-05:00,13.271427154541016,270156000
2020-12-15 00:00:00-05:00,13.323031425476074,193016000
2020-12-16 00:00:00-05:00,13.205365180969238,223116000
2020-12-17 00:00:00-05:00,13.303838729858398,231384000
2020-12-18 00:00:00-05:00,13.234781265258789,342064000
2020-12-21 00:00:00-05:00,13.29486083984375,302332000
2020-12-22 00:00:00-05:00,13.241011619567871,185580000
2020-12-23 00:00:00-05:00,12.972768783569336,179144000
2020-12-24 00:00:00-05:00,12.957310676574707,97884000
2020-12-28 00:00:00-05:00,12.863824844360352,212564000
2020-12-29 00:00:00-05:00,12.906952857971191,170372000
2020-12-30 00:00:00-05:00,13.10888671875,225396000
2020-12-31 00:00:00-05:00,13.018390655517578,192424000
2021-01-04 00:00:00-05:00,13.076726913452148,560640000
2021-01-05 00:00:00-05:00,13.367161750793457,322760000
2021-01-06 00:00:00-05:00,12.579124450683594,580424000
2021-01-07 00:00:00-05:00,13.306580543518066,461480000
2021-01-08 00:00:00-05:00,13.239517211914062,292528000
2021-01-11 00:00:00-05:00,13.583300590515137,518344000
2021-01-12 00:00:00-05:00,13.446934700012207,291476000
2021-01-13 00:00:00-05:00,13.493803024291992,210028000
2021-01-14 00:00:00-05:00,13.163233757019043,283120000
2021-01-15 00:00:00-05:00,12.82343864440918,277780000
2021-01-19 00:00:00-05:00,12.98872184753418,226188000
2021-01-20 00:00:00-05:00,13.32827091217041,258572000
2021-01-21 00:00:00-05:00,13.828611373901367,337780000
2021-01-22 00:00:00-05:00,13.674047470092773,246820000
2021-01-25 00:00:00-05:00,13.614961624145508,251112000
2021-01-26 00:00:00-05:00,13.397575378417969,163980000
2021-01-27 00:00:00-05:00,12.881524085998535,371272000
2021-01-28 00:00:00-05:00,13.014400482177734,228316000
2021-01-29 00:00:00-05:00,12.953323364257812,271552000
2021-02-01 00:00:00-05:00,13.19987678527832,217204000
2021-02-02 00:00:00-05:00,13.518735885620117,220440000
2021-02-03 00:00:00-05:00,13.492555618286133,245408000
2021-02-04 00:00:00-05:00,13.625931739807129,201340000
2021-02-05 00:00:00-05:00,13.552886009216309,169152000
2021-02-08 00:00:00-05:00,14.398259162902832,434624000
2021-02-09 00:00:00-05:00,14.223252296447754,287560000
2021-02-10 00:00:00-05:00,14.722847938537598,485352000
2021-02-11 00:00:00-05:00,15.207983016967773,450828000
2021-02-12 00:00:00-05:00,14.919296264648438,374756000
2021-02-16 00:00:00-05:00,15.287259101867676,321960000
2021-02-17 00:00:00-05:00,14.864197731018066,274756000
2021-02-18 00:00:00-05:00,14.787415504455566,233868000
2021-02-19 00:00:00-05:00,14.884641647338867,271724000
2021-02-22 00:00:00-05:00,14.31549072265625,325884000
2021-02-23 00:00:00-05:00,14.102339744567871,391780000
2021-02-24 00:00:00-05:00,14.458341598510742,448320000
2021-02-25 00:00:00-05:00,13.270183563232422,824436000
2021-02-26 00:00:00-05:00,13.676040649414062,500932000
2021-03-01 00:00:00-05:00,13.802933692932129,353184000
2021-03-02 00:00:00-05:00,13.368654251098633,264116000
2021-03-03 00:00:00-05:00,12.768841743469238,377592000
2021-03-04 00:00:00-05:00,12.335561752319336,573344000
2021-03-05 00:00:00-05:00,12.426556587219238,542840000
2021-03-08 00:00:00-05:00,11.560738563537598,543112000
2021-03-09 00:00:00-05:00,12.489448547363281,521824000
2021-03-10 00:00:00-05:00,12.437579154968262,384376000
2021-03-11 00:00:00-05:00,12.961535453796387,299916000
2021-03-12 00:00:00-05:00,12.82437515258789,243964000
2021-03-15 00:00:00-04:00,13.158799171447754,221988000
2021-03-16 00:00:00-04:00,13.258552551269531,272128000
2021-03-17 00:00:00-04:00,13.308427810668945,243864000
2021-03-18 00:00:00-04:00,12.691200256347656,293896000
2021-03-19 00:00:00-04:00,12.814146995544434,299208000
2021-03-22 00:00:00-04:00,13.153809547424316,297804000
2021-03-23 00:00:00-04:00,13.038593292236328,222048000
2021-03-24 00:00:00-04:00,12.611896514892578,245840000
2021-03-25 00:00:00-04:00,12.504412651062012,295144000
2021-03-26 00:00:00-04:00,12.80766487121582,363968000
2021-03-29 00:00:00-04:00,12.916397094726562,273520000
2021-03-30 00:00:00-04:00,12.840082168579102,200204000
2021-03-31 00:00:00-04:00,13.315413475036621,314776000
2021-04-01 00:00:00-04:00,13.777772903442383,308276000
2021-04-05 00:00:00-04:00,13.953089714050293,255672000
2021-04-06 00:00:00-04:00,13.827397346496582,191744000
2021-04-07 00:00:00-04:00,14.108705520629883,251284000
2021-04-08 00:00:00-04:00,14.281778335571289,244416000
2021-04-09 00:00:00-04:00,14.364574432373047,195172000
2021-04-12 00:00:00-04:00,15.171584129333496,869324000
2021-04-13 00:00:00-04:00,15.640928268432617,676212000
2021-04-14 00:00:00-04:00,15.239415168762207,385500000
2021-04-15 00:00:00-04:00,16.097553253173828,598480000
2021-04-16 00:00:00-04:00,15.873353958129883,335208000
2021-04-19 00:00:00-04:00,15.323956489562988,404420000
2021-04-20 00:00:00-04:00,15.133927345275879,334132000
2021-04-21 00:00:00-04:00,15.322711944580078,216776000
2021-04-22 00:00:00-04:00,14.813715934753418,277788000
2021-04-23 00:00:00-04:00,15.227694511413574,227500000
2021-04-26 00:00:00-04:00,15.439923286437988,197796000
2021-04-27 00:00:00-04:00,15.343907356262207,164572000
2021-04-28 00:00:00-04:00,15.239168167114258,209416000
2021-04-29 00:00:00-04:00,15.28704833984375,173196000
2021-04-30 00:00:00-04:00,14.972576141357422,201912000
2021-05-03 00:00:00-04:00,14.800250053405762,203912000
2021-05-04 00:00:00-04:00,14.315943717956543,405324000
2021-05-05 00:00:00-04:00,14.422930717468262,292024000
2021-05-06 00:00:00-04:00,14.487273216247559,193380000
2021-05-07 00:00:00-04:00,14.775809288024902,229328000
2021-05-10 00:00:00-04:00,14.230653762817383,268904000
2021-05-11 00:00:00-04:00,14.271055221557617,285584000
2021-05-12 00:00:00-04:00,13.724653244018555,303408000
2021-05-13 00:00:00-04:00,13.631633758544922,285404000
2021-05-14 00:00:00-04:00,14.207961082458496,258616000
2021-05-17 00:00:00-04:00,14.13064956665039,216980000
2021-05-18 00:00:00-04:00,13.981267929077148,186256000
2021-05-19 00:00:00-04:00,14.031148910522461,344000000
2021-05-20 00:00:00-04:00,14.576553344726562,321592000
2021-05-21 00:00:00-04:00,14.954869270324707,672992000
2021-05-24 00:00:00-04:00,15.573591232299805,554816000
2021-05-25 00:00:00-04:00,15.609256744384766,435408000
2021-05-26 00:00:00-04:00,15.661377906799316,370440000
2021-05-27 00:00:00-04:00,15.449897766113281,581476000
2021-05-28 00:00:00-04:00,16.20453453063965,644536000
2021-06-01 00:00:00-04:00,16.224485397338867,472804000
2021-06-02 00:00:00-04:00,16.73697280883789,594168000
2021-06-03 00:00:00-04:00,16.92799949645996,580008000
2021-06-04 00:00:00-04:00,17.535003662109375,617120000
2021-06-07 00:00:00-04:00,17.57565689086914,575756000
2021-06-08 00:00:00-04:00,17.4140567779541,323848000
2021-06-09 00:00:00-04:00,17.31951332092285,381656000
2021-06-10 00:00:00-04:00,17.3861141204834,287772000
2021-06-11 00:00:00-04:00,17.78547477722168,416308000
2021-06-14 00:00:00-04:00,17.978540420532227,321376000
2021-06-15 00:00:00-04:00,17.748809814453125,243032000
2021-06-16 00:00:00-04:00,17.770505905151367,307124000
2021-06-17 00:00:00-04:00,18.615617752075195,809656000
2021-06-18 00:00:00-04:00,18.5971622467041,968856000
2021-06-21 00:00:00-04:00,18.386127471923828,672384000
2021-06-22 00:00:00-04:00,18.844600677490234,580144000
2021-06-23 00:00:00-04:00,19.014720916748047,332356000
2021-06-24 00:00:00-04:00,19.162639617919922,320924000
2021-06-25 00:00:00-04:00,18.9885311126709,278364000
2021-06-28 00:00:00-04:00,19.940404891967773,495436000
2021-06-29 00:00:00-04:00,19.9820613861084,367632000
2021-06-30 00:00:00-04:00,19.957866668701172,326568000
2021-07-01 00:00:00-04:00,20.16689109802246,480136000
2021-07-02 00:00:00-04:00,20.441282272338867,342764000
2021-07-06 00:00:00-04:00,20.65230941772461,446708000
2021-07-07 00:00:00-04:00,20.3262882232666,418428000
2021-07-08 00:00:00-04:00,19.85833740234375,503300000
2021-07-09 00:00:00-04:00,20.005504608154297,296624000
2021-07-12 00:00:00-04:00,20.466724395751953,321984000
2021-07-13 00:00:00-04:00,20.20481300354004,290708000
2021-07-14 00:00:00-04:00,19.797225952148438,380100000
2021-07-15 00:00:00-04:00,18.923925399780273,550564000
2021-07-16 00:00:00-04:00,18.12047576904297,688224000
2021-07-19 00:00:00-04:00,18.737844467163086,749060000
2021-07-20 00:00:00-04:00,18.570466995239258,434687000
2021-07-21 00:00:00-04:00,19.366687774658203,371017000
2021-07-22 00:00:00-04:00,19.550275802612305,323826000
2021-07-23 00:00:00-04:00,19.51435661315918,195672000
2021-07-26 00:00:00-04:00,19.250946044921875,203943000
2021-07-27 00:00:00-04:00,19.165136337280273,248863000
2021-07-28 00:00:00-04:00,19.459482192993164,202191000
2021-07-29 00:00:00-04:00,19.618122100830078,190781000
2021-07-30 00:00:00-04:00,19.455488204956055,183497000
2021-08-02 00:00:00-04:00,19.705928802490234,217444000
2021-08-03 00:00:00-04:00,19.770784378051758,301811000
2021-08-04 00:00:00-04:00,20.228755950927734,231309000
2021-08-05 00:00:00-04:00,20.590946197509766,211435000
2021-08-06 00:00:00-04:00,20.320554733276367,178497000
2021-08-09 00:00:00-04:00,20.249713897705078,146443000
2021-08-10 00:00:00-04:00,19.891510009765625,179238000
2021-08-11 00:00:00-04:00,19.655040740966797,185925000
2021-08-12 00:00:00-04:00,19.860580444335938,151652000
2021-08-13 00:00:00-04:00,20.1429500579834,183063000
2021-08-16 00:00:00-04:00,19.905485153198242,210876000
2021-08-17 00:00:00-04:00,19.414581298828125,204585000
2021-08-18 00:00:00-04:00,18.997512817382812,285913000
2021-08-19 00:00:00-04:00,19.753822326660156,766555000
2021-08-20 00:00:00-04:00,20.769546508789062,675741000
2021-08-23 00:00:00-04:00,21.90900421142578,575807000
2021-08-24 00:00:00-04:00,21.744365692138672,297299000
2021-08-25 00:00:00-04:00,22.163434982299805,347701000
2021-08-26 00:00:00-04:00,22.018753051757812,237940000
2021-08-27 00:00:00-04:00,22.585487365722656,304722000
2021-08-30 00:00:00-04:00,22.637372970581055,262580000
2021-08-31 00:00:00-04:00,22.338991165161133,259850000
2021-09-01 00:00:00-04:00,22.394868850708008,201767000
2021-09-02 00:00:00-04:00,22.34996223449707,187834000
2021-09-03 00:00:00-04:00,22.796043395996094,280532000
2021-09-07 00:00:00-04:00,22.615421295166016,198107000
2021-09-08 00:00:00-04:00,22.293081283569336,254434000
2021-09-09 00:00:00-04:00,22.13141632080078,196856000
2021-09-10 00:00:00-04:00,22.43179702758789,248376000
2021-09-13 00:00:00-04:00,22.106462478637695,297500000
2021-09-14 00:00:00-04:00,22.196279525756836,199755000
2021-09-15 00:00:00-04:00,22.295080184936523,166538000
2021-09-16 00:00:00-04:00,22.196279525756836,156033000
2021-09-17 00:00:00-04:00,21.854984283447266,294503000
2021-09-20 00:00:00-04:00,21.069599151611328,349440000
2021-09-21 00:00:00-04:00,21.202329635620117,204688000
2021-09-22 00:00:00-04:00,21.895898818969727,268726000
2021-09-23 00:00:00-04:00,22.435789108276367,248555000
2021-09-24 00:00:00-04:00,22.03561019897461,217655000
2021-09-27 00:00:00-04:00,21.615478515625,245215000
2021-09-28 00:00:00-04:00,20.656452178955078,343069000
2021-09-29 00:00:00-04:00,20.474828720092773,218394000
2021-09-30 00:00:00-04:00,20.67341423034668,221009000
2021-10-01 00:00:00-04:00,20.699363708496094,240978000
2021-10-04 00:00:00-04:00,19.69144058227539,345635000
2021-10-05 00:00:00-04:00,20.40896224975586,279282000
2021-10-06 00:00:00-04:00,20.657445907592773,297202000
2021-10-07 00:00:00-04:00,21.031681060791016,256919000
2021-10-08 00:00:00-04:00,20.78818130493164,151258000
2021-10-11 00:00:00-04:00,20.6524600982666,163388000
2021-10-12 00:00:00-04:00,20.628511428833008,162134000
2021-10-13 00:00:00-04:00,20.89596176147461,180652000
2021-10-14 00:00:00-04:00,21.701297760009766,243589000
2021-10-15 00:00:00-04:00,21.817062377929688,226994000
2021-10-18 00:00:00-04:00,22.17632293701172,189494000
2021-10-19 00:00:00-04:00,22.244182586669922,161473000
2021-10-20 00:00:00-04:00,22.057567596435547,146276000
2021-10-21 00:00:00-04:00,22.645357131958008,187590000
2021-10-22 00:00:00-04:00,22.67928695678711,249384000
2021-10-25 00:00:00-04:00,23.118385314941406,230235000
2021-10-26 00:00:00-04:00,24.66619110107422,485898000
2021-10-27 00:00:00-04:00,24.400741577148438,245990000
2021-10-28 00:00:00-04:00,24.889732360839844,234204000
2021-10-29 00:00:00-04:00,25.514446258544922,292503000
2021-11-01 00:00:00-04:00,25.773908615112305,265740000
2021-11-02 00:00:00-04:00,26.34672737121582,294112000
2021-11-03 00:00:00-04:00,26.543325424194336,239910000
2021-11-04 00:00:00-04:00,29.739744186401367,1153631000
2021-11-05 00:00:00-04:00,29.690845489501953,851260000
2021-11-08 00:00:00-05:00,30.74068260192871,503101000
2021-11-09 00:00:00-05:00,30.593982696533203,646746000
2021-11-10 00:00:00-05:00,29.39844512939453,636206000
2021-11-11 00:00:00-05:00,30.32752799987793,332172000
2021-11-12 00:00:00-05:00,30.32752799987793,413054000
2021-11-15 00:00:00-05:00,29.963279724121094,384909000
2021-11-16 00:00:00-05:00,30.140918731689453,264484000
2021-11-17 00:00:00-05:00,29.200851440429688,428508000
2021-11-18 00:00:00-05:00,31.609891891479492,781711000
2021-11-19 00:00:00-05:00,32.91720199584961,533867000
2021-11-22 00:00:00-05:00,31.89031219482422,754335000
2021-11-23 00:00:00-05:00,31.680747985839844,532163000
2021-11-24 00:00:00-05:00,32.60683822631836,435162000
2021-11-26 00:00:00-05:00,31.43824577331543,283069000
2021-11-29 00:00:00-05:00,33.307395935058594,454964000
2021-11-30 00:00:00-05:00,32.60882568359375,622066000
2021-12-01 00:00:00-05:00,31.37421989440918,484368000
2021-12-02 00:00:00-05:00,32.06389236450195,472890000
2021-12-03 00:00:00-05:00,30.6336612701416,544325000
2021-12-06 00:00:00-05:00,29.978927612304688,658938000
2021-12-07 00:00:00-05:00,32.36430740356445,593053000
2021-12-08 00:00:00-05:00,31.764469146728516,475551000
2021-12-09 00:00:00-05:00,30.431053161621094,488507000
2021-12-10 00:00:00-05:00,30.139617919921875,488825000
2021-12-13 00:00:00-05:00,28.10655403137207,598344000
2021-12-14 00:00:00-05:00,28.282215118408203,667035000
2021-12-15 00:00:00-05:00,30.400110244750977,698297000
2021-12-16 00:00:00-05:00,28.332117080688477,707366000
2021-12-17 00:00:00-05:00,27.747251510620117,713758000
2021-12-20 00:00:00-05:00,27.665409088134766,461847000
2021-12-21 00:00:00-05:00,29.018787384033203,524385000
2021-12-22 00:00:00-05:00,29.343164443969727,395184000
2021-12-23 00:00:00-05:00,29.58269500732422,343022000
2021-12-27 00:00:00-05:00,30.88517189025879,403686000
2021-12-28 00:00:00-05:00,30.26337432861328,420591000
2021-12-29 00:00:00-05:00,29.942995071411133,343139000
2021-12-30 00:00:00-05:00,29.528799057006836,308864000
2021-12-31 00:00:00-05:00,29.354135513305664,266530000
2022-01-03 00:00:00-05:00,30.062768936157227,391547000
2022-01-04 00:00:00-05:00,29.233375549316406,527154000
2022-01-05 00:00:00-05:00,27.550628662109375,498064000
2022-01-06 00:00:00-05:00,28.123523712158203,454186000
2022-01-07 00:00:00-05:00,27.194320678710938,409939000
2022-01-10 00:00:00-05:00,27.34702491760254,594681000
2022-01-11 00:00:00-05:00,27.76321792602539,404089000
2022-01-12 00:00:00-05:00,27.944866180419922,383413000
2022-01-13 00:00:00-05:00,26.523622512817383,540171000
2022-01-14 00:00:00-05:00,26.889909744262695,395832000
2022-01-18 00:00:00-05:00,25.852920532226562,424270000
2022-01-19 00:00:00-05:00,25.018535614013672,488315000
2022-01-20 00:00:00-05:00,24.10331153869629,435181000
2022-01-21 00:00:00-05:00,23.32880973815918,718958000
2022-01-24 00:00:00-05:00,23.326810836791992,913982000
2022-01-25 00:00:00-05:00,22.28083610534668,664616000
2022-01-26 00:00:00-05:00,22.72797203063965,755959000
2022-01-27 00:00:00-05:00,21.90157699584961,573353000
2022-01-28 00:00:00-05:00,22.795841217041016,543774000
2022-01-31 00:00:00-05:00,24.438661575317383,564680000
2022-02-01 00:00:00-05:00,24.59036636352539,518925000
2022-02-02 00:00:00-05:00,25.193201065063477,543419000
2022-02-03 00:00:00-05:00,23.901702880859375,410178000
2022-02-04 00:00:00-05:00,24.271982192993164,354829000
2022-02-07 00:00:00-05:00,24.680192947387695,376868000
2022-02-08 00:00:00-05:00,25.059457778930664,410359000
2022-02-09 00:00:00-05:00,26.653371810913086,524282000
2022-02-10 00:00:00-05:00,25.774072647094727,513200000
2022-02-11 00:00:00-05:00,23.902698516845703,605472000
2022-02-14 00:00:00-05:00,24.220081329345703,440424000
2022-02-15 00:00:00-05:00,26.44377899169922,699869000
2022-02-16 00:00:00-05:00,26.459745407104492,732676000
2022-02-17 00:00:00-05:00,24.45962142944336,810595000
2022-02-18 00:00:00-05:00,23.596288681030273,761255000
2022-02-22 00:00:00-05:00,23.344776153564453,633422000
2022-02-23 00:00:00-05:00,22.343717575073242,566511000
2022-02-24 00:00:00-05:00,23.702089309692383,735801000
2022-02-25 00:00:00-05:00,24.11029624938965,528866000
2022-02-28 00:00:00-05:00,24.337858200073242,477319000
2022-03-01 00:00:00-05:00,23.43160629272461,412056000
2022-03-02 00:00:00-05:00,24.17729377746582,389642000
2022-03-03 00:00:00-05:00,23.67218589782715,365095000
2022-03-04 00:00:00-05:00,22.895557403564453,431415000
2022-03-07 00:00:00-05:00,21.314346313476562,450821000
2022-03-08 00:00:00-05:00,21.47606658935547,557467000
2022-03-09 00:00:00-05:00,22.973419189453125,492742000
2022-03-10 00:00:00-05:00,22.618045806884766,428066000
2022-03-11 00:00:00-05:00,22.061033248901367,367209000
2022-03-14 00:00:00-04:00,21.292388916015625,385354000
2022-03-15 00:00:00-04:00,22.932497024536133,491996000
2022-03-16 00:00:00-04:00,24.45280647277832,671422000
2022-03-17 00:00:00-04:00,24.72233009338379,471941000
2022-03-18 00:00:00-04:00,26.406354904174805,730719000
2022-03-21 00:00:00-04:00,26.686859130859375,591727000
2022-03-22 00:00:00-04:00,26.47722816467285,547007000
2022-03-23 00:00:00-04:00,25.588802337646484,502120000
2022-03-24 00:00:00-04:00,28.10036277770996,877379000
2022-03-25 00:00:00-04:00,27.64316749572754,579016000
2022-03-28 00:00:00-04:00,28.16924476623535,425494000
2022-03-29 00:00:00-04:00,28.6054744720459,488984000
2022-03-30 00:00:00-04:00,27.641170501708984,463487000
2022-03-31 00:00:00-04:00,27.237890243530273,523440000
2022-04-01 00:00:00-04:00,26.664897918701172,517235000
2022-04-04 00:00:00-04:00,27.311756134033203,397120000
2022-04-05 00:00:00-04:00,25.885271072387695,436615000
2022-04-06 00:00:00-04:00,24.363967895507812,703833000
2022-04-07 00:00:00-04:00,24.165313720703125,557992000
2022-04-08 00:00:00-04:00,23.078231811523438,524781000
2022-04-11 00:00:00-04:00,21.878353118896484,575207000
2022-04-12 00:00:00-04:00,21.466079711914062,662258000
2022-04-13 00:00:00-04:00,22.163848876953125,516943000
2022-04-14 00:00:00-04:00,21.220516204833984,569097000
2022-04-18 00:00:00-04:00,21.74458885192871,525701000
2022-04-19 00:00:00-04:00,22.158855438232422,512781000
2022-04-20 00:00:00-04:00,21.444122314453125,468974000
2022-04-21 00:00:00-04:00,20.147409439086914,656209000
2022-04-22 00:00:00-04:00,19.480588912963867,624713000
2022-04-25 00:00:00-04:00,19.866907119750977,641566000
2022-04-26 00:00:00-04:00,18.754871368408203,653143000
2022-04-27 00:00:00-04:00,18.382530212402344,499460000
2022-04-28 00:00:00-04:00,19.747121810913086,570327000
2022-04-29 00:00:00-04:00,18.51429557800293,500435000
2022-05-02 00:00:00-04:00,19.498558044433594,572049000
2022-05-03 00:00:00-04:00,19.56743049621582,475751000
2022-05-04 00:00:00-04:00,20.298147201538086,648855000
2022-05-05 00:00:00-04:00,18.81077003479004,626331000
2022-05-06 00:00:00-04:00,18.642066955566406,633297000
2022-05-09 00:00:00-04:00,16.920114517211914,644455000
2022-05-10 00:00:00-04:00,17.5639705657959,761474000
2022-05-11 00:00:00-04:00,16.60067367553711,670167000
2022-05-12 00:00:00-04:00,16.146474838256836,708728000
2022-05-13 00:00:00-04:00,17.674776077270508,670437000
2022-05-16 00:00:00-04:00,17.23355484008789,521446000
2022-05-17 00:00:00-04:00,18.144947052001953,585830000
2022-05-18 00:00:00-04:00,16.90813446044922,545161000
2022-05-19 00:00:00-04:00,17.09380340576172,621310000
2022-05-20 00:00:00-04:00,16.664567947387695,739105000
2022-05-23 00:00:00-04:00,16.868206024169922,639889000
2022-05-24 00:00:00-04:00,16.12551498413086,588550000
2022-05-25 00:00:00-04:00,16.9450740814209,781132000
2022-05-26 00:00:00-04:00,17.81952476501465,996575000
2022-05-27 00:00:00-04:00,18.777833938598633,738379000
2022-05-31 00:00:00-04:00,18.639080047607422,664100000
2022-06-01 00:00:00-04:00,18.28769874572754,544514000
2022-06-02 00:00:00-04:00,19.557453155517578,648656000
2022-06-03 00:00:00-04:00,18.68699073791504,598779000
2022-06-06 00:00:00-04:00,18.75287437438965,422406000
2022-06-07 00:00:00-04:00,18.892629623413086,388914000
2022-06-08 00:00:00-04:00,18.619054794311523,363252000
2022-06-09 00:00:00-04:00,18.019983291625977,395574000
2022-06-10 00:00:00-04:00,16.947656631469727,465248000
2022-06-13 00:00:00-04:00,15.622711181640625,604153000
2022-06-14 00:00:00-04:00,15.811419486999512,469680000
2022-06-15 00:00:00-04:00,16.501346588134766,563936000
2022-06-16 00:00:00-04:00,15.5767822265625,545749000
2022-06-17 00:00:00-04:00,15.85534954071045,630334000
2022-06-21 00:00:00-04:00,16.5402889251709,483089000
2022-06-22 00:00:00-04:00,16.334606170654297,437135000
2022-06-23 00:00:00-04:00,16.199813842773438,463680000
2022-06-24 00:00:00-04:00,17.099414825439453,472153000
2022-06-27 00:00:00-04:00,16.842815399169922,427968000
2022-06-28 00:00:00-04:00,15.95719051361084,461149000
2022-06-29 00:00:00-04:00,15.517875671386719,482352000
2022-06-30 00:00:00-04:00,15.135468482971191,686070000
2022-07-01 00:00:00-04:00,14.500455856323242,577610000
2022-07-05 00:00:00-04:00,14.94077205657959,651397000
2022-07-06 00:00:00-04:00,15.106513977050781,529066000
2022-07-07 00:00:00-04:00,15.83338451385498,492903000
2022-07-08 00:00:00-04:00,15.81341552734375,467972000
2022-07-11 00:00:00-04:00,15.128480911254883,437321000
2022-07-12 00:00:00-04:00,15.058588981628418,458483000
2022-07-13 00:00:00-04:00,15.140460968017578,521918000
2022-07-14 00:00:00-04:00,15.348137855529785,456235000
2022-07-15 00:00:00-04:00,15.737533569335938,385935000
2022-07-18 00:00:00-04:00,16.076004028320312,670517000
2022-07-19 00:00:00-04:00,16.96562385559082,702366000
2022-07-20 00:00:00-04:00,17.779359817504883,760538000
2022-07-21 00:00:00-04:00,18.02198028564453,557049000
2022-07-22 00:00:00-04:00,17.292116165161133,536671000
2022-07-25 00:00:00-04:00,16.997575759887695,480748000
2022-07-26 00:00:00-04:00,16.50733757019043,397865000
2022-07-27 00:00:00-04:00,17.762386322021484,569776000
2022-07-28 00:00:00-04:00,17.956083297729492,474646000
2022-07-29 00:00:00-04:00,18.134809494018555,435460000
2022-08-01 00:00:00-04:00,18.41237449645996,476469000
2022-08-02 00:00:00-04:00,18.497241973876953,489527000
2022-08-03 00:00:00-04:00,18.86367416381836,418146000
2022-08-04 00:00:00-04:00,19.185171127319336,409652000
2022-08-05 00:00:00-04:00,18.959524154663086,386068000
2022-08-08 00:00:00-04:00,17.765378952026367,981859000
2022-08-09 00:00:00-04:00,17.059476852416992,668263000
2022-08-10 00:00:00-04:00,18.068910598754883,597422000
2022-08-11 00:00:00-04:00,17.914148330688477,509327000
2022-08-12 00:00:00-04:00,18.67995834350586,478094000
2022-08-15 00:00:00-04:00,19.002458572387695,457666000
2022-08-16 00:00:00-04:00,18.84969139099121,451240000
2022-08-17 00:00:00-04:00,18.30653953552246,446799000
2022-08-18 00:00:00-04:00,18.743860244750977,415447000
2022-08-19 00:00:00-04:00,17.8212947845459,441588000
2022-08-22 00:00:00-04:00,17.007558822631836,409593000
2022-08-23 00:00:00-04:00,17.154329299926758,369986000
2022-08-24 00:00:00-04:00,17.195268630981445,522661000
2022-08-25 00:00:00-04:00,17.885194778442383,770691000
2022-08-26 00:00:00-04:00,16.234758377075195,769127000
2022-08-29 00:00:00-04:00,15.776472091674805,496132000
2022-08-30 00:00:00-04:00,15.443989753723145,530181000
2022-08-31 00:00:00-04:00,15.07056999206543,573710000
2022-09-01 00:00:00-04:00,13.915366172790527,1178865000
2022-09-02 00:00:00-04:00,13.625814437866211,743157000
2022-09-06 00:00:00-04:00,13.444099426269531,535751000
2022-09-07 00:00:00-04:00,13.69678020477295,512657000
2022-09-08 00:00:00-04:00,13.972433090209961,624873000
2022-09-09 00:00:00-04:00,14.368936538696289,486612000
2022-09-12 00:00:00-04:00,14.486786842346191,484159000
2022-09-13 00:00:00-04:00,13.114513397216797,714956000
2022-09-14 00:00:00-04:00,13.111517906188965,588507000
2022-09-15 00:00:00-04:00,12.912766456604004,523625000
2022-09-16 00:00:00-04:00,13.181428909301758,670751000
2022-09-19 00:00:00-04:00,13.36519718170166,569685000
2022-09-20 00:00:00-04:00,13.159455299377441,524818000
2022-09-21 00:00:00-04:00,13.24435043334961,807679000
2022-09-22 00:00:00-04:00,12.545230865478516,759162000
2022-09-23 00:00:00-04:00,12.500285148620605,663309000
2022-09-26 00:00:00-04:00,12.212646484375,547343000
2022-09-27 00:00:00-04:00,12.397414207458496,553854000
2022-09-28 00:00:00-04:00,12.720009803771973,542414000
2022-09-29 00:00:00-04:00,12.204655647277832,532763000
2022-09-30 00:00:00-04:00,12.123757362365723,565638000
2022-10-03 00:00:00-04:00,12.496291160583496,547478000
2022-10-04 00:00:00-04:00,13.150467872619629,584182000
2022-10-05 00:00:00-04:00,13.192415237426758,507131000
2022-10-06 00:00:00-04:00,13.11351490020752,644157000
2022-10-07 00:00:00-04:00,12.060837745666504,672478000
2022-10-10 00:00:00-04:00,11.655346870422363,698699000
2022-10-11 00:00:00-04:00,11.571454048156738,667482000
2022-10-12 00:00:00-04:00,11.48556137084961,492590000
2022-10-13 00:00:00-04:00,11.944982528686523,850103000
2022-10-14 00:00:00-04:00,11.21290397644043,713432000
2022-10-17 00:00:00-04:00,11.87307357788086,580774000
2022-10-18 00:00:00-04:00,11.951972961425781,659362000
2022-10-19 00:00:00-04:00,12.035868644714355,523131000
2022-10-20 00:00:00-04:00,12.178689956665039,652398000
2022-10-21 00:00:00-04:00,12.450346946716309,609494000
2022-10-24 00:00:00-04:00,12.583181381225586,517457000
2022-10-25 00:00:00-04:00,13.24435043334961,505482000
2022-10-26 00:00:00-04:00,12.879807472229004,532953000
2022-10-27 00:00:00-04:00,13.159455299377441,583113000
2022-10-28 00:00:00-04:00,13.816631317138672,521040000
2022-10-31 00:00:00-04:00,13.480053901672363,486341000
2022-11-01 00:00:00-04:00,13.525995254516602,432817000
2022-11-02 00:00:00-04:00,13.202401161193848,672628000
2022-11-03 00:00:00-04:00,13.404149055480957,500065000
2022-11-04 00:00:00-04:00,14.138225555419922,612576000
2022-11-07 00:00:00-05:00,14.28304386138916,410061000
2022-11-08 00:00:00-05:00,14.583664894104004,595292000
2022-11-09 00:00:00-05:00,13.758703231811523,454414000
2022-11-10 00:00:00-05:00,15.730225563049316,700819000
2022-11-11 00:00:00-05:00,16.306499481201172,655487000
2022-11-14 00:00:00-05:00,16.2745418548584,527852000
2022-11-15 00:00:00-05:00,16.645078659057617,545876000
2022-11-16 00:00:00-05:00,15.890024185180664,649547000
2022-11-17 00:00:00-05:00,15.657315254211426,710894000
2022-11-18 00:00:00-05:00,15.389655113220215,492072000
2022-11-21 00:00:00-05:00,15.297768592834473,404739000
2022-11-22 00:00:00-05:00,16.017864227294922,472866000
2022-11-23 00:00:00-05:00,16.498258590698242,427241000
2022-11-25 00:00:00-05:00,16.249570846557617,167934000
2022-11-28 00:00:00-05:00,15.807127952575684,303741000
2022-11-29 00:00:00-05:00,15.619362831115723,298384000
2022-11-30 00:00:00-05:00,16.90607452392578,565298000
2022-12-01 00:00:00-05:00,17.11786651611328,470977000
2022-12-02 00:00:00-05:00,16.859119415283203,371389000
2022-12-05 00:00:00-05:00,16.593393325805664,352255000
2022-12-06 00:00:00-05:00,15.9710111618042,352694000
2022-12-07 00:00:00-05:00,16.103879928588867,372388000
2022-12-08 00:00:00-05:00,17.151830673217773,515456000
2022-12-09 00:00:00-05:00,16.98399543762207,465338000
2022-12-12 00:00:00-05:00,17.51746368408203,457328000
2022-12-13 00:00:00-05:00,18.053930282592773,656589000
2022-12-14 00:00:00-05:00,17.656326293945312,496888000
2022-12-15 00:00:00-05:00,16.935043334960938,478542000
2022-12-16 00:00:00-05:00,16.554426193237305,478232000
2022-12-19 00:00:00-05:00,16.237743377685547,354039000
2022-12-20 00:00:00-05:00,16.068912506103516,403260000
2022-12-21 00:00:00-05:00,16.484495162963867,325025000
2022-12-22 00:00:00-05:00,15.323660850524902,565045000
2022-12-23 00:00:00-05:00,15.190792083740234,349326000
2022-12-27 00:00:00-05:00,14.106877326965332,464902000
2022-12-28 00:00:00-05:00,14.021964073181152,351066000
2022-12-29 00:00:00-05:00,14.588397026062012,354923000
2022-12-30 00:00:00-05:00,14.599387168884277,310490000
2023-01-03 00:00:00-05:00,14.30068302154541,401277000
2023-01-04 00:00:00-05:00,14.734249114990234,431324000
2023-01-05 00:00:00-05:00,14.250736236572266,389168000
2023-01-06 00:00:00-05:00,14.84414005279541,405044000
2023-01-09 00:00:00-05:00,15.612370491027832,504231000
2023-01-10 00:00:00-05:00,15.893089294433594,384101000
2023-01-11 00:00:00-05:00,15.984996795654297,353285000
2023-01-12 00:00:00-05:00,16.494483947753906,551409000
2023-01-13 00:00:00-05:00,16.88210105895996,447287000
2023-01-17 00:00:00-05:00,17.684295654296875,511102000
2023-01-18 00:00:00-05:00,17.3596248626709,439624000
2023-01-19 00:00:00-05:00,16.74823570251465,452932000
2023-01-20 00:00:00-05:00,17.82115936279297,564967000
2023-01-23 00:00:00-05:00,19.173809051513672,655163000
2023-01-24 00:00:00-05:00,19.24573516845703,496204000
2023-01-25 00:00:00-05:00,19.303674697875977,449537000
2023-01-26 00:00:00-05:00,19.782197952270508,489535000
2023-01-27 00:00:00-05:00,20.344629287719727,542142000
2023-01-30 00:00:00-05:00,19.14283561706543,488611000
2023-01-31 00:00:00-05:00,19.51746368408203,498017000
2023-02-01 00:00:00-05:00,20.922056198120117,660477000
2023-02-02 00:00:00-05:00,21.687284469604492,564276000
2023-02-03 00:00:00-05:00,21.07889747619629,429366000
2023-02-06 00:00:00-05:00,21.067913055419922,452197000
2023-02-07 00:00:00-05:00,22.15082550048828,664150000
2023-02-08 00:00:00-05:00,22.18279266357422,559651000
2023-02-09 00:00:00-05:00,22.314659118652344,523876000
2023-02-10 00:00:00-05:00,21.243730545043945,550737000
2023-02-13 00:00:00-05:00,21.766210556030273,474919000
2023-02-14 00:00:00-05:00,22.948030471801758,675474000
2023-02-15 00:00:00-05:00,22.74123191833496,420575000
2023-02-16 00:00:00-05:00,21.979997634887695,412026000
2023-02-17 00:00:00-05:00,21.36661148071289,465888000
2023-02-21 00:00:00-05:00,20.63434410095215,410015000
2023-02-22 00:00:00-05:00,20.733243942260742,513184000
2023-02-23 00:00:00-05:00,23.64033317565918,1117995000
2023-02-24 00:00:00-05:00,23.262710571289062,589716000
2023-02-27 00:00:00-05:00,23.477495193481445,452994000
2023-02-28 00:00:00-05:00,23.192781448364258,455963000
2023-03-01 00:00:00-05:00,22.675302505493164,460026000
2023-03-02 00:00:00-05:00,23.29068374633789,389415000
2023-03-03 00:00:00-05:00,23.866107940673828,412393000
2023-03-06 00:00:00-05:00,23.530447006225586,437429000
2023-03-07 00:00:00-05:00,23.268657684326172,515154000
2023-03-08 00:00:00-05:00,24.160917282104492,513573000
2023-03-09 00:00:00-05:00,23.41653823852539,501257000
2023-03-10 00:00:00-05:00,22.9459285736084,474866000
2023-03-13 00:00:00-04:00,22.946928024291992,421890000
2023-03-14 00:00:00-04:00,24.04301643371582,474910000
2023-03-15 00:00:00-04:00,24.2078800201416,524486000
2023-03-16 00:00:00-04:00,25.519790649414062,583253000
2023-03-17 00:00:00-04:00,25.703638076782227,848547000
2023-03-20 00:00:00-04:00,25.878490447998047,432747000
2023-03-21 00:00:00-04:00,26.17724609375,547408000
2023-03-22 00:00:00-04:00,26.44602394104004,797295000
2023-03-23 00:00:00-04:00,27.168415069580078,564889000
2023-03-24 00:00:00-04:00,26.756759643554688,454920000
2023-03-27 00:00:00-04:00,26.50897216796875,361026000
2023-03-28 00:00:00-04:00,26.38806915283203,356104000
2023-03-29 00:00:00-04:00,26.961593627929688,393694000
2023-03-30 00:00:00-04:00,27.360261917114258,364516000
2023-03-31 00:00:00-04:00,27.753931045532227,433933000
2023-04-03 00:00:00-04:00,27.94178009033203,398716000
2023-04-04 00:00:00-04:00,27.43020248413086,368592000
2023-04-05 00:00:00-04:00,26.858680725097656,515015000
2023-04-06 00:00:00-04:00,27.014545440673828,397654000
2023-04-10 00:00:00-04:00,27.55609703063965,395279000
2023-04-11 00:00:00-04:00,27.14643669128418,314378000
2023-04-12 00:00:00-04:00,26.473003387451172,446259000
2023-04-13 00:00:00-04:00,26.441024780273438,353615000
2023-04-14 00:00:00-04:00,26.735776901245117,395660000
2023-04-17 00:00:00-04:00,26.979576110839844,321471000
2023-04-18 00:00:00-04:00,27.644023895263672,604812000
2023-04-19 00:00:00-04:00,27.907806396484375,358660000
2023-04-20 00:00:00-04:00,27.081493377685547,427713000
2023-04-21 00:00:00-04:00,27.09648323059082,345103000
2023-04-24 00:00:00-04:00,27.01954460144043,339282000
2023-04-25 00:00:00-04:00,26.219209671020508,378527000
2023-04-26 00:00:00-04:00,26.933612823486328,406337000
2023-04-27 00:00:00-04:00,27.20339012145996,377161000
2023-04-28 00:00:00-04:00,27.7259578704834,292216000
2023-05-01 00:00:00-04:00,28.885990142822266,570329000
2023-05-02 00:00:00-04:00,28.186573028564453,402730000
2023-05-03 00:00:00-04:00,27.778911590576172,383387000
2023-05-04 00:00:00-04:00,27.539112091064453,321850000
2023-05-05 00:00:00-04:00,28.65618324279785,361494000
2023-05-08 00:00:00-04:00,29.126794815063477,344979000
2023-05-09 00:00:00-04:00,28.547277450561523,314869000
2023-05-10 00:00:00-04:00,28.861011505126953,369350000
2023-05-11 00:00:00-04:00,28.55426597595215,322149000
2023-05-12 00:00:00-04:00,28.31646728515625,274222000
2023-05-15 00:00:00-04:00,28.928953170776367,293926000
2023-05-16 00:00:00-04:00,29.188739776611328,449405000
2023-05-17 00:00:00-04:00,30.15294075012207,432535000
2023-05-18 00:00:00-04:00,31.651695251464844,748725000
2023-05-19 00:00:00-04:00,31.238039016723633,473908000
2023-05-22 00:00:00-04:00,31.150115966796875,372000000
2023-05-23 00:00:00-04:00,30.66251564025879,356253000
2023-05-24 00:00:00-04:00,30.51264190673828,721419000
2023-05-25 00:00:00-04:00,37.94845962524414,1543911000
2023-05-26 00:00:00-04:00,38.913658142089844,714397000
2023-05-30 00:00:00-04:00,40.077693939208984,923401000
2023-05-31 00:00:00-04:00,37.802581787109375,1002580000
2023-06-01 00:00:00-04:00,39.73697280883789,635873000
2023-06-02 00:00:00-04:00,39.294342041015625,482731000
2023-06-05 00:00:00-04:00,39.13846969604492,396094000
2023-06-06 00:00:00-04:00,38.62190246582031,388729000
2023-06-07 00:00:00-04:00,37.44775390625,511998000
2023-06-08 00:00:00-04:00,38.48200225830078,417772000
2023-06-09 00:00:00-04:00,38.7418098449707,427717000
2023-06-12 00:00:00-04:00,39.45329666137695,388701000
2023-06-13 00:00:00-04:00,40.99217987060547,613208000
2023-06-14 00:00:00-04:00,42.96574783325195,740465000
2023-06-15 00:00:00-04:00,42.62199401855469,568622000
2023-06-16 00:00:00-04:00,42.66096115112305,655709000
2023-06-20 00:00:00-04:00,43.77614974975586,451153000
2023-06-21 00:00:00-04:00,43.01369857788086,551603000
2023-06-22 00:00:00-04:00,42.99372100830078,417737000
2023-06-23 00:00:00-04:00,42.178314208984375,358140000
2023-06-26 00:00:00-04:00,40.60246658325195,594322000
2023-06-27 00:00:00-04:00,41.845558166503906,462175000
2023-06-28 00:00:00-04:00,41.08711242675781,582639000
2023-06-29 00:00:00-04:00,40.79231643676758,380514000
2023-06-30 00:00:00-04:00,42.271244049072266,501148000
2023-07-03 00:00:00-04:00,42.382164001464844,198209000
2023-07-05 00:00:00-04:00,42.28623580932617,323618000
2023-07-06 00:00:00-04:00,42.07239532470703,303582000
2023-07-07 00:00:00-04:00,42.472103118896484,355881000
2023-07-10 00:00:00-04:00,42.14933395385742,353908000
2023-07-11 00:00:00-04:00,42.374168395996094,298244000
2023-07-12 00:00:00-04:00,43.87008285522461,481277000
2023-07-13 00:00:00-04:00,45.94357681274414,478204000
2023-07-14 00:00:00-04:00,45.435943603515625,772075000
2023-07-17 00:00:00-04:00,46.427223205566406,510488000
2023-07-18 00:00:00-04:00,47.45947265625,569164000
2023-07-19 00:00:00-04:00,47.04277038574219,427502000
2023-07-20 00:00:00-04:00,45.48690414428711,537865000
2023-07-21 00:00:00-04:00,44.27677917480469,963769000
2023-07-24 00:00:00-04:00,44.57957077026367,382516000
2023-07-25 00:00:00-04:00,45.645790100097656,348081000
2023-07-26 00:00:00-04:00,45.4189567565918,364237000
2023-07-27 00:00:00-04:00,45.866634368896484,455976000
2023-07-28 00:00:00-04:00,46.716007232666016,331194000
2023-07-31 00:00:00-04:00,46.695037841796875,251055000
2023-08-01 00:00:00-04:00,46.47319412231445,237858000
2023-08-02 00:00:00-04:00,44.236820220947266,530142000
2023-08-03 00:00:00-04:00,44.482635498046875,324176000
2023-08-04 00:00:00-04:00,44.647518157958984,362666000
2023-08-07 00:00:00-04:00,45.38397979736328,322154000
2023-08-08 00:00:00-04:00,44.63153076171875,353843000
2023-08-09 00:00:00-04:00,42.52306365966797,586449000
2023-08-10 00:00:00-04:00,42.3571891784668,492705000
2023-08-11 00:00:00-04:00,40.82530212402344,533085000
2023-08-14 00:00:00-04:00,43.72119140625,690286000
2023-08-15 00:00:00-04:00,43.90805435180664,676512000
2023-08-16 00:00:00-04:00,43.454383850097656,527451000
2023-08-17 00:00:00-04:00,43.312496185302734,452395000
2023-08-18 00:00:00-04:00,43.267520904541016,583768000
2023-08-21 00:00:00-04:00,46.932857513427734,692573000
2023-08-22 00:00:00-04:00,45.634803771972656,755293000
2023-08-23 00:00:00-04:00,47.08175277709961,779046000
2023-08-24 00:00:00-04:00,47.12871551513672,1156044000
2023-08-25 00:00:00-04:00,45.98454284667969,925341000
2023-08-28 00:00:00-04:00,46.80095291137695,685192000
2023-08-29 00:00:00-04:00,48.748531341552734,701397000
2023-08-30 00:00:00-04:00,49.22818374633789,735206000
2023-08-31 00:00:00-04:00,49.31911849975586,528570000
2023-09-01 00:00:00-04:00,48.47373580932617,463830000
2023-09-05 00:00:00-04:00,48.51271438598633,382653000
2023-09-06 00:00:00-04:00,47.03065872192383,468670000
2023-09-07 00:00:00-04:00,46.21119689941406,433330000
2023-09-08 00:00:00-04:00,45.54262161254883,473069000
2023-09-11 00:00:00-04:00,45.14887619018555,473966000
2023-09-12 00:00:00-04:00,44.841064453125,349256000
2023-09-13 00:00:00-04:00,45.4556770324707,398355000
2023-09-14 00:00:00-04:00,45.55161666870117,370097000
2023-09-15 00:00:00-04:00,43.871700286865234,506831000
2023-09-18 00:00:00-04:00,43.93764877319336,500271000
2023-09-19 00:00:00-04:00,43.491943359375,373064000
2023-09-20 00:00:00-04:00,42.211769104003906,367108000
2023-09-21 00:00:00-04:00,40.99055862426758,450736000
2023-09-22 00:00:00-04:00,41.58317184448242,479236000
2023-09-25 00:00:00-04:00,42.19478225708008,419091000
2023-09-26 00:00:00-04:00,41.88397979736328,402282000
2023-09-27 00:00:00-04:00,42.440616607666016,444935000
2023-09-28 00:00:00-04:00,43.061214447021484,424663000
2023-09-29 00:00:00-04:00,43.47095489501953,397830000
2023-10-02 00:00:00-04:00,44.75312423706055,433298000
2023-10-03 00:00:00-04:00,43.48894119262695,470850000
2023-10-04 00:00:00-04:00,44.01260757446289,361821000
2023-10-05 00:00:00-04:00,44.65919494628906,393483000
2023-10-06 00:00:00-04:00,45.73249816894531,434436000
2023-10-09 00:00:00-04:00,45.24380874633789,409675000
2023-10-10 00:00:00-04:00,45.76847839355469,368582000
2023-10-11 00:00:00-04:00,46.77582550048828,378137000
2023-10-12 00:00:00-04:00,46.91473388671875,481325000
2023-10-13 00:00:00-04:00,45.43169021606445,474115000
2023-10-16 00:00:00-04:00,46.065284729003906,375099000
2023-10-17 00:00:00-04:00,43.90967559814453,812333000
2023-10-18 00:00:00-04:00,42.168792724609375,627294000
2023-10-19 00:00:00-04:00,42.07386016845703,501233000
2023-10-20 00:00:00-04:00,41.36031723022461,477266000
2023-10-23 00:00:00-04:00,42.947296142578125,478530000
2023-10-24 00:00:00-04:00,43.63484573364258,401463000
2023-10-25 00:00:00-04:00,41.752071380615234,398379000
2023-10-26 00:00:00-04:00,40.29999923706055,541001000
2023-10-27 00:00:00-04:00,40.47389221191406,416784000
2023-10-30 00:00:00-04:00,41.13446807861328,388028000
2023-10-31 00:00:00-04:00,40.75371170043945,517969000
2023-11-01 00:00:00-04:00,42.2977180480957,437593000
2023-11-02 00:00:00-04:00,43.47795104980469,409172000
2023-11-03 00:00:00-04:00,44.97598648071289,424610000
2023-11-06 00:00:00-05:00,45.72150421142578,400733000
2023-11-07 00:00:00-05:00,45.92537307739258,343165000
2023-11-08 00:00:00-05:00,46.543968200683594,346719000
2023-11-09 00:00:00-05:00,46.91973114013672,540496000
2023-11-10 00:00:00-05:00,48.303836822509766,421245000
2023-11-13 00:00:00-05:00,48.58864974975586,384136000
2023-11-14 00:00:00-05:00,49.623985290527344,416954000
2023-11-15 00:00:00-05:00,48.856483459472656,475497000
2023-11-16 00:00:00-05:00,49.44810485839844,339756000
2023-11-17 00:00:00-05:00,49.2662239074707,325205000
2023-11-20 00:00:00-05:00,50.376502990722656,414120000
2023-11-21 00:00:00-05:00,49.911800384521484,565747000
2023-11-22 00:00:00-05:00,48.68459701538086,899420000
2023-11-24 00:00:00-05:00,47.745201110839844,294645000
2023-11-27 00:00:00-05:00,48.210899353027344,395662000
2023-11-28 00:00:00-05:00,47.79016876220703,401491000
2023-11-29 00:00:00-05:00,48.10896301269531,382005000
2023-11-30 00:00:00-05:00,46.73984909057617,526247000
2023-12-01 00:00:00-05:00,46.73485565185547,369317000
2023-12-04 00:00:00-05:00,45.480655670166016,437543000
2023-12-05 00:00:00-05:00,46.54007339477539,371718000
2023-12-06 00:00:00-05:00,45.477664947509766,380590000
2023-12-07 00:00:00-05:00,46.5700569152832,350823000
2023-12-08 00:00:00-05:00,47.479549407958984,359224000
2023-12-11 00:00:00-05:00,46.60103988647461,509728000
2023-12-12 00:00:00-05:00,47.630470275878906,372387000
2023-12-13 00:00:00-05:00,48.06122589111328,447792000
2023-12-14 00:00:00-05:00,48.32307434082031,391232000
2023-12-15 00:00:00-05:00,48.86277389526367,479948000
2023-12-18 00:00:00-05:00,50.04911804199219,412587000
2023-12-19 00:00:00-05:00,49.57637405395508,464444000
2023-12-20 00:00:00-05:00,48.08421325683594,397894000
2023-12-21 00:00:00-05:00,48.96272659301758,300425000
2023-12-22 00:00:00-05:00,48.80281066894531,252507000
2023-12-26 00:00:00-05:00,49.25156021118164,244200000
2023-12-27 00:00:00-05:00,49.38948440551758,233648000
2023-12-28 00:00:00-05:00,49.494422912597656,246587000
2023-12-29 00:00:00-05:00,49.494422912597656,389293000
2024-01-02 00:00:00-05:00,48.14117431640625,411254000
2024-01-03 00:00:00-05:00,47.542510986328125,320896000
2024-01-04 00:00:00-05:00,47.97127914428711,306535000
2024-01-05 00:00:00-05:00,49.06966018676758,415039000
2024-01-08 00:00:00-05:00,52.22390365600586,642510000
2024-01-09 00:00:00-05:00,53.11041259765625,773100000
2024-01-10 00:00:00-05:00,54.319740295410156,533796000
2024-01-11 00:00:00-05:00,54.79146957397461,596759000
2024-01-12 00:00:00-05:00,54.679534912109375,352994000
2024-01-16 00:00:00-05:00,56.35060501098633,449580000
2024-01-17 00:00:00-05:00,56.021793365478516,474394000
2024-01-18 00:00:00-05:00,57.07520294189453,491650000
2024-01-19 00:00:00-05:00,59.45787811279297,543501000
2024-01-22 00:00:00-05:00,59.62078094482422,452955000
2024-01-23 00:00:00-05:00,59.83966064453125,294654000
2024-01-24 00:00:00-05:00,61.32783126831055,560271000
2024-01-25 00:00:00-05:00,61.58269500732422,482777000
2024-01-26 00:00:00-05:00,60.997013092041016,390309000
2024-01-29 00:00:00-05:00,62.430213928222656,348733000
2024-01-30 00:00:00-05:00,62.73904800415039,410735000
2024-01-31 00:00:00-05:00,61.492740631103516,453795000
2024-02-01 00:00:00-05:00,62.991905212402344,369146000
2024-02-02 00:00:00-05:00,66.1231689453125,476578000
2024-02-05 00:00:00-05:00,69.29339599609375,680078000
2024-02-06 00:00:00-05:00,68.18501281738281,683111000
2024-02-07 00:00:00-05:00,70.05995178222656,495575000
2024-02-08 00:00:00-05:00,69.60221862792969,414422000
2024-02-09 00:00:00-05:00,72.09285736083984,436637000
2024-02-12 00:00:00-05:00,72.20777130126953,613710000
2024-02-13 00:00:00-05:00,72.08785247802734,602580000
2024-02-14 00:00:00-05:00,73.8588638305664,504917000
2024-02-15 00:00:00-05:00,72.61753845214844,420122000
2024-02-16 00:00:00-05:00,72.57256317138672,495327000
2024-02-20 00:00:00-05:00,69.413330078125,704833000
2024-02-21 00:00:00-05:00,67.43443298339844,673755000
2024-02-22 00:00:00-05:00,78.49427032470703,865100000
2024-02-23 00:00:00-05:00,78.77313232421875,829388000
2024-02-26 00:00:00-05:00,79.0479736328125,503973000
2024-02-27 00:00:00-05:00,78.65718078613281,391705000
2024-02-28 00:00:00-05:00,77.61975860595703,393110000
2024-02-29 00:00:00-05:00,79.06793975830078,507289000
2024-03-01 00:00:00-05:00,82.2331771850586,479135000
2024-03-04 00:00:00-05:00,85.18954467773438,615616000
2024-03-05 00:00:00-05:00,85.92017364501953,520639000
2024-03-06 00:00:00-05:00,88.65476989746094,582520000
2024-03-07 00:00:00-05:00,92.62174224853516,608119000
2024-03-08 00:00:00-05:00,87.48336791992188,1142269000
2024-03-11 00:00:00-04:00,85.73027038574219,678364000
2024-03-12 00:00:00-04:00,91.86613464355469,668075000
2024-03-13 00:00:00-04:00,90.8416519165039,635713000
2024-03-14 00:00:00-04:00,87.8991470336914,602318000
2024-03-15 00:00:00-04:00,87.7922134399414,642086000
2024-03-18 00:00:00-04:00,88.40989685058594,668976000
2024-03-19 00:00:00-04:00,89.3524169921875,672171000
2024-03-20 00:00:00-04:00,90.32592010498047,479063000
2024-03-21 00:00:00-04:00,91.38837432861328,480372000
2024-03-22 00:00:00-04:00,94.24091339111328,586719000
2024-03-25 00:00:00-04:00,94.95355224609375,552136000
2024-03-26 00:00:00-04:00,92.51380157470703,513648000
2024-03-27 00:00:00-04:00,90.2039794921875,586067000
2024-03-28 00:00:00-04:00,90.30992126464844,435212000
2024-04-01 00:00:00-04:00,90.3169174194336,452441000
2024-04-02 00:00:00-04:00,89.40638732910156,433064000
2024-04-03 00:00:00-04:00,88.91864013671875,370067000
2024-04-04 00:00:00-04:00,85.8611831665039,434965000
2024-04-05 00:00:00-04:00,87.963134765625,399678000
2024-04-08 00:00:00-04:00,87.08856964111328,283220000
2024-04-09 00:00:00-04:00,85.31045532226562,501700000
2024-04-10 00:00:00-04:00,86.99462127685547,431929000
2024-04-11 00:00:00-04:00,90.56978607177734,431637000
2024-04-12 00:00:00-04:00,88.14103698730469,426805000
2024-04-15 00:00:00-04:00,85.95713806152344,443077000
2024-04-16 00:00:00-04:00,87.37042236328125,370453000
2024-04-17 00:00:00-04:00,83.99214172363281,495400000
2024-04-18 00:00:00-04:00,84.62782287597656,447260000
2024-04-19 00:00:00-04:00,76.16114044189453,875198000
2024-04-22 00:00:00-04:00,79.4774398803711,596341000
2024-04-23 00:00:00-04:00,82.38096618652344,438559000
2024-04-24 00:00:00-04:00,79.6363754272461,512208000
2024-04-25 00:00:00-04:00,82.5898666381836,424641000
2024-04-26 00:00:00-04:00,87.69026947021484,551011000
2024-04-29 00:00:00-04:00,87.71226501464844,388971000
2024-04-30 00:00:00-04:00,86.35795593261719,363709000
2024-05-01 00:00:00-04:00,82.99864196777344,559863000
2024-05-02 00:00:00-04:00,85.77323913574219,377898000
2024-05-03 00:00:00-04:00,88.74372100830078,398341000
2024-05-06 00:00:00-04:00,92.09300994873047,376203000
2024-05-07 00:00:00-04:00,90.50782012939453,437342000
2024-05-08 00:00:00-04:00,90.36589813232422,325721000
2024-05-09 00:00:00-04:00,88.70173645019531,378013000
2024-05-10 00:00:00-04:00,89.8321762084961,335325000
2024-05-13 00:00:00-04:00,90.35289764404297,289680000
2024-05-14 00:00:00-04:00,91.30941772460938,296507000
2024-05-15 00:00:00-04:00,94.58173370361328,417735000
2024-05-16 00:00:00-04:00,94.31088256835938,323952000
2024-05-17 00:00:00-04:00,92.43184661865234,359691000
2024-05-20 00:00:00-04:00,94.73167419433594,318764000
2024-05-21 00:00:00-04:00,95.33735656738281,328946000
2024-05-22 00:00:00-04:00,94.90157318115234,548648000
2024-05-23 00:00:00-04:00,103.74608612060547,835065000
2024-05-24 00:00:00-04:00,106.41471099853516,429494000
2024-05-28 00:00:00-04:00,113.84292602539062,652728000
2024-05-29 00:00:00-04:00,114.76644134521484,557442000
2024-05-30 00:00:00-04:00,110.44366455078125,484553000
2024-05-31 00:00:00-04:00,109.57708740234375,613263000
2024-06-03 00:00:00-04:00,114.94136047363281,438392000
2024-06-04 00:00:00-04:00,116.37762451171875,403324000
2024-06-05 00:00:00-04:00,122.37757110595703,528402000
2024-06-06 00:00:00-04:00,120.9363021850586,664696000
2024-06-07 00:00:00-04:00,120.82636260986328,412386000
2024-06-10 00:00:00-04:00,121.72789764404297,313434100
2024-06-11 00:00:00-04:00,120.85828399658203,222551200
2024-06-12 00:00:00-04:00,125.14643859863281,299595000
2024-06-13 00:00:00-04:00,129.55455017089844,260704500
2024-06-14 00:00:00-04:00,131.82359313964844,309320400
2024-06-17 00:00:00-04:00,130.92396545410156,288504400
2024-06-18 00:00:00-04:00,135.52198791503906,294335100
2024-06-20 00:00:00-04:00,130.72406005859375,517768400
2024-06-21 00:00:00-04:00,126.51583862304688,649445800
2024-06-24 00:00:00-04:00,118.05946350097656,476060900
2024-06-25 00:00:00-04:00,126.03605651855469,414192600
2024-06-26 00:00:00-04:00,126.3459243774414,362975900
2024-06-27 00:00:00-04:00,123.93695068359375,252571700
2024-06-28 00:00:00-04:00,123.48715209960938,315516700
2024-07-01 00:00:00-04:00,124.246826171875,284885500
2024-07-02 00:00:00-04:00,122.61752319335938,218374000
2024-07-03 00:00:00-04:00,128.22511291503906,215749000
2024-07-05 00:00:00-04:00,125.77616882324219,214176700
2024-07-08 00:00:00-04:00,128.1451416015625,237677300
2024-07-09 00:00:00-04:00,131.3238067626953,285366600
2024-07-10 00:00:00-04:00,134.852294921875,248978600
2024-07-11 00:00:00-04:00,127.34549713134766,374782700
2024-07-12 00:00:00-04:00,129.18470764160156,252680500
2024-07-15 00:00:00-04:00,128.38504028320312,208326200
2024-07-16 00:00:00-04:00,126.30593872070312,214769500
2024-07-17 00:00:00-04:00,117.93952178955078,390086200
2024-07-18 00:00:00-04:00,121.0381851196289,320979500
2024-07-19 00:00:00-04:00,117.8795394897461,217223800
2024-07-22 00:00:00-04:00,123.48715209960938,258068900
2024-07-23 00:00:00-04:00,122.53753662109375,173911000
2024-07-24 00:00:00-04:00,114.20112609863281,327776900
2024-07-25 00:00:00-04:00,112.23196411132812,460067000
2024-07-26 00:00:00-04:00,113.01162719726562,293399100
2024-07-29 00:00:00-04:00,111.5422592163086,248152100
2024-07-30 00:00:00-04:00,103.68562316894531,486833300
2024-07-31 00:00:00-04:00,116.96992492675781,473174200
2024-08-01 00:00:00-04:00,109.16327667236328,523462300
2024-08-02 00:00:00-04:00,107.22410583496094,482027500
2024-08-05 00:00:00-04:00,100.40702056884766,552842400
2024-08-06 00:00:00-04:00,104.20539855957031,409012100
2024-08-07 00:00:00-04:00,98.86768341064453,411440400
2024-08-08 00:00:00-04:00,104.92509460449219,391910000
2024-08-09 00:00:00-04:00,104.70518493652344,290844200
2024-08-12 00:00:00-04:00,108.97335052490234,325559900
2024-08-13 00:00:00-04:00,116.0903091430664,312646700
2024-08-14 00:00:00-04:00,118.02948760986328,339246400
2024-08-15 00:00:00-04:00,122.80744171142578,318086700
2024-08-16 00:00:00-04:00,124.52669525146484,302589900
2024-08-19 00:00:00-04:00,129.9443817138672,318333600
2024-08-20 00:00:00-04:00,127.195556640625,300087400
2024-08-21 00:00:00-04:00,128.4450225830078,257883600
2024-08-22 00:00:00-04:00,123.68705749511719,376189100
2024-08-23 00:00:00-04:00,129.31463623046875,323230300
2024-08-26 00:00:00-04:00,126.40589904785156,331964700
2024-08-27 00:00:00-04:00,128.2451171875,303134600
2024-08-28 00:00:00-04:00,125.55625915527344,448101100
2024-08-29 00:00:00-04:00,117.53968811035156,453023300
2024-08-30 00:00:00-04:00,119.31893157958984,333751600
2024-09-03 00:00:00-04:00,107.95379638671875,477155100
2024-09-04 00:00:00-04:00,106.16456604003906,372470300
2024-09-05 00:00:00-04:00,107.16413116455078,306850700
2024-09-06 00:00:00-04:00,102.78600311279297,413638100
2024-09-09 00:00:00-04:00,106.42445373535156,273912000
2024-09-10 00:00:00-04:00,108.05374145507812,268283700
2024-09-11 00:00:00-04:00,116.85999298095703,441422400
2024-09-12 00:00:00-04:00,119.0992202758789,366052700
2024-09-13 00:00:00-04:00,119.0592269897461,238358300
2024-09-16 00:00:00-04:00,116.74002075195312,248772300
2024-09-17 00:00:00-04:00,115.55043029785156,231925900
2024-09-18 00:00:00-04:00,113.33118438720703,310318900
2024-09-19 00:00:00-04:00,117.82965087890625,293506400
2024-09-20 00:00:00-04:00,115.96029663085938,382462400
2024-09-23 00:00:00-04:00,116.22020721435547,206228500
2024-09-24 00:00:00-04:00,120.82862854003906,354966800
2024-09-25 00:00:00-04:00,123.46772003173828,284692900
2024-09-26 00:00:00-04:00,123.9975357055664,302582900
2024-09-27 00:00:00-04:00,121.35844421386719,271009200
2024-09-30 00:00:00-04:00,121.3984375,226553700
2024-10-01 00:00:00-04:00,116.95994567871094,302094500
2024-10-02 00:00:00-04:00,118.80931091308594,221845900
2024-10-03 00:00:00-04:00,122.80794525146484,277118000
2024-10-04 00:00:00-04:00,124.87722778320312,243678100
2024-10-07 00:00:00-04:00,127.67627716064453,346250200
2024-10-08 00:00:00-04:00,132.84449768066406,285722500
2024-10-09 00:00:00-04:00,132.60458374023438,246191600
2024-10-10 00:00:00-04:00,134.7638397216797,242311300
2024-10-11 00:00:00-04:00,134.7538604736328,170209500
2024-10-14 00:00:00-04:00,138.0227508544922,232347700
2024-10-15 00:00:00-04:00,131.55496215820312,377831000
2024-10-16 00:00:00-04:00,135.6735382080078,264879700
2024-10-17 00:00:00-04:00,136.88311767578125,306435900
2024-10-18 00:00:00-04:00,137.9527587890625,176090200
2024-10-21 00:00:00-04:00,143.6608123779297,264554500
2024-10-22 00:00:00-04:00,143.5408477783203,226311600
2024-10-23 00:00:00-04:00,139.51222229003906,285930000
2024-10-24 00:00:00-04:00,140.3619384765625,172354900
2024-10-25 00:00:00-04:00,141.49154663085938,205122100
2024-10-28 00:00:00-04:00,140.47190856933594,173586700
2024-10-29 00:00:00-04:00,141.20164489746094,157593600
2024-10-30 00:00:00-04:00,139.29229736328125,179418100
2024-10-31 00:00:00-04:00,132.7145538330078,270039600
2024-11-01 00:00:00-04:00,135.35365295410156,207127800
2024-11-04 00:00:00-05:00,136.00343322753906,187528200
2024-11-05 00:00:00-05:00,139.8621063232422,160537400
2024-11-06 00:00:00-05:00,145.56015014648438,242043900
2024-11-07 00:00:00-05:00,148.8290557861328,207323300
2024-11-08 00:00:00-05:00,147.5794677734375,175665800
2024-11-11 00:00:00-05:00,145.21026611328125,182325600
2024-11-12 00:00:00-05:00,148.23922729492188,198634700
2024-11-13 00:00:00-05:00,146.2199249267578,191903300
2024-11-14 00:00:00-05:00,146.70974731445312,194463300
2024-11-15 00:00:00-05:00,141.93138122558594,250132900
2024-11-18 00:00:00-05:00,140.1020050048828,221205300
2024-11-19 00:00:00-05:00,146.9596710205078,227834900
2024-11-20 00:00:00-05:00,145.84005737304688,309871700
2024-11-21 00:00:00-05:00,146.6197967529297,400946600
2024-11-22 00:00:00-05:00,141.90139770507812,236406200
2024-11-25 00:00:00-05:00,135.9734344482422,344941900
2024-11-26 00:00:00-05:00,136.8731231689453,190287700
2024-11-27 00:00:00-05:00,135.2936553955078,226370900
2024-11-29 00:00:00-05:00,138.2026824951172,141863200
2024-12-02 00:00:00-05:00,138.58253479003906,171682800
2024-12-03 00:00:00-05:00,140.2119903564453,164414000
2024-12-04 00:00:00-05:00,145.09031677246094,231224300
2024-12-05 00:00:00-05:00,145.0203399658203,172621200
2024-12-06 00:00:00-05:00,142.40106201171875,188505600
2024-12-09 00:00:00-05:00,138.77203369140625,189308600
2024-12-10 00:00:00-05:00,135.03306579589844,210020900
2024-12-11 00:00:00-05:00,139.2718963623047,184905200
2024-12-12 00:00:00-05:00,137.3024444580078,159211400
2024-12-13 00:00:00-05:00,134.21328735351562,231514900
2024-12-16 00:00:00-05:00,131.96388244628906,237951100
2024-12-17 00:00:00-05:00,130.35433959960938,259410300
2024-12-18 00:00:00-05:00,128.874755859375,277444500
2024-12-19 00:00:00-05:00,130.6442413330078,209719200
2024-12-20 00:00:00-05:00,134.6631622314453,306528600
2024-12-23 00:00:00-05:00,139.63180541992188,176053500
2024-12-24 00:00:00-05:00,140.18165588378906,105157000
2024-12-26 00:00:00-05:00,139.8917236328125,116205600
2024-12-27 00:00:00-05:00,136.9725341796875,170582600
2024-12-30 00:00:00-05:00,137.452392578125,167734700
2024-12-31 00:00:00-05:00,134.25328063964844,155659200
2025-01-02 00:00:00-05:00,138.2721710205078,198247200
2025-01-03 00:00:00-05:00,144.4304962158203,229322500
2025-01-06 00:00:00-05:00,149.38912963867188,265377400
2025-01-07 00:00:00-05:00,140.10166931152344,351782200
2025-01-08 00:00:00-05:00,140.0717010498047,227349900
2025-01-10 00:00:00-05:00,135.8728485107422,207602500
2025-01-13 00:00:00-05:00,133.19357299804688,204808900
2025-01-14 00:00:00-05:00,131.72396850585938,195590500
2025-01-15 00:00:00-05:00,136.2027587890625,185217300
2025-01-16 00:00:00-05:00,133.53347778320312,209235600
2025-01-17 00:00:00-05:00,137.67234802246094,201188800
2025-01-21 00:00:00-05:00,140.79148864746094,197749000
2025-01-22 00:00:00-05:00,147.02980041503906,237651400
2025-01-23 00:00:00-05:00,147.17974853515625,155915500
2025-01-24 00:00:00-05:00,142.58099365234375,234657600
2025-01-27 00:00:00-05:00,118.38761901855469,818830900
2025-01-28 00:00:00-05:00,128.95472717285156,579666400
2025-01-29 00:00:00-05:00,123.66616821289062,467120600
2025-01-30 00:00:00-05:00,124.61591339111328,392925500
2025-01-31 00:00:00-05:00,120.03717041015625,388161100
2025-02-03 00:00:00-05:00,116.62810516357422,371235700
2025-02-04 00:00:00-05:00,118.6175537109375,256550000
2025-02-05 00:00:00-05:00,124.79586791992188,262230800
2025-02-06 00:00:00-05:00,128.6448211669922,251483600
2025-02-07 00:00:00-05:00,129.80447387695312,228186300
2025-02-10 00:00:00-05:00,133.53347778320312,216989100
2025-02-11 00:00:00-05:00,132.76368713378906,178902400
2025-02-12 00:00:00-05:00,131.10414123535156,160278600
2025-02-13 00:00:00-05:00,135.25299072265625,197430000
2025-02-14 00:00:00-05:00,138.81202697753906,195479600
2025-02-18 00:00:00-05:00,139.36187744140625,219176600
2025-02-19 00:00:00-05:00,139.1919403076172,167536000
2025-02-20 00:00:00-05:00,140.0717010498047,143903600
2025-02-21 00:00:00-05:00,134.3932342529297,228217600
2025-02-24 00:00:00-05:00,130.244384765625,251381100
2025-02-25 00:00:00-05:00,126.59537506103516,271428700
2025-02-26 00:00:00-05:00,131.24411010742188,322553800
2025-02-27 00:00:00-05:00,120.11714935302734,443175800
2025-02-28 00:00:00-05:00,124.88583374023438,389091100
2025-03-03 00:00:00-05:00,114.02880859375,411381400
2025-03-04 00:00:00-05:00,115.95829010009766,398163300
2025-03-05 00:00:00-05:00,117.26792907714844,284337900
2025-03-06 00:00:00-05:00,110.53976440429688,321181900
2025-03-07 00:00:00-05:00,112.65919494628906,341755500
2025-03-10 00:00:00-04:00,106.95074462890625,366487400
2025-03-11 00:00:00-04:00,108.73025512695312,354865700
2025-03-12 00:00:00-04:00,115.718994140625,323857500
2025-03-13 00:00:00-04:00,115.55902862548828,299033100
2025-03-14 00:00:00-04:00,121.64791870117188,277593500
2025-03-17 00:00:00-04:00,119.50830841064453,255501500
2025-03-18 00:00:00-04:00,115.4090576171875,299686900
2025-03-19 00:00:00-04:00,117.49867248535156,273426200
2025-03-20 00:00:00-04:00,118.50848388671875,248829700
2025-03-21 00:00:00-04:00,117.67863464355469,266498500
2025-03-24 00:00:00-04:00,121.38796997070312,228452500
2025-03-25 00:00:00-04:00,120.66809844970703,167447200
2025-03-26 00:00:00-04:00,113.7393569946289,293463300
2025-03-27 00:00:00-04:00,111.40978240966797,236902100
2025-03-28 00:00:00-04:00,109.65010070800781,229872500
2025-03-31 00:00:00-04:00,108.3603286743164,299212700
2025-04-01 00:00:00-04:00,110.13001251220703,222614000
2025-04-02 00:00:00-04:00,110.39995574951172,220601200
2025-04-03 00:00:00-04:00,101.78153228759766,338769400
2025-04-04 00:00:00-04:00,94.29288482666016,532273800
2025-04-07 00:00:00-04:00,97.62227630615234,611041300
2025-04-08 00:00:00-04:00,96.28252410888672,476243400
2025-04-09 00:00:00-04:00,114.30925750732422,612918300
2025-04-10 00:00:00-04:00,107.55047607421875,437812400
2025-04-11 00:00:00-04:00,110.90986633300781,313417300
2025-04-14 00:00:00-04:00,110.68990325927734,264705000
2025-04-15 00:00:00-04:00,112.17963409423828,228966900
2025-04-16 00:00:00-04:00,104.47103881835938,397016900
2025-04-17 00:00:00-04:00,101.47157287597656,292517500
2025-04-21 00:00:00-04:00,96.89241790771484,288501100
2025-04-22 00:00:00-04:00,98.8720474243164,241004800
2025-04-23 00:00:00-04:00,102.69136047363281,247526000
2025-04-24 00:00:00-04:00,106.41067504882812,220815000
2025-04-25 00:00:00-04:00,110.98986053466797,251064700
2025-04-28 00:00:00-04:00,108.71026611328125,207708500
2025-04-29 00:00:00-04:00,109.00020599365234,170444300
2025-04-30 00:00:00-04:00,108.90023040771484,235044600
2025-05-01 00:00:00-04:00,111.5897445678711,236121500
2025-05-02 00:00:00-04:00,114.4792251586914,190194800
2025-05-05 00:00:00-04:00,113.7993392944336,133163200
2025-05-06 00:00:00-04:00,113.51940155029297,158525600
2025-05-07 00:00:00-04:00,117.03875732421875,206758800
2025-05-08 00:00:00-04:00,117.34870910644531,198428100
2025-05-09 00:00:00-04:00,116.62882995605469,132972200
2025-05-12 00:00:00-04:00,122.97767639160156,225023300
2025-05-13 00:00:00-04:00,129.9064178466797,330430100
2025-05-14 00:00:00-04:00,135.3154296875,281180800
2025-05-15 00:00:00-04:00,134.80552673339844,226632600
2025-05-16 00:00:00-04:00,135.37542724609375,226542500
2025-05-19 00:00:00-04:00,135.54539489746094,193154600
2025-05-20 00:00:00-04:00,134.35562133789062,161514200
2025-05-21 00:00:00-04:00,131.7760772705078,270608700
2025-05-22 00:00:00-04:00,132.80589294433594,187344000
2025-05-23 00:00:00-04:00,131.26617431640625,198821300
2025-05-27 00:00:00-04:00,135.47540283203125,192953600
2025-05-28 00:00:00-04:00,134.78553771972656,304021100
2025-05-29 00:00:00-04:00,139.1647491455078,369241900
2025-05-30 00:00:00-04:00,135.10548400878906,333170900
2025-06-02 00:00:00-04:00,137.35507202148438,197663100
2025-06-03 00:00:00-04:00,141.19436645507812,225578800
2025-06-04 00:00:00-04:00,141.8942413330078,167120800
2025-06-05 00:00:00-04:00,139.964599609375,231397900
2025-06-06 00:00:00-04:00,141.69427490234375,153986200
2025-06-09 00:00:00-04:00,142.6041259765625,185114500
2025-06-10 00:00:00-04:00,143.9338836669922,155881900
2025-06-11 00:00:00-04:00,142.81399536132812,167694000
2025-06-12 00:00:00-04:00,144.98374938964844,162365000
2025-06-13 00:00:00-04:00,141.95408630371094,180820600
2025-06-16 00:00:00-04:00,144.6737823486328,183133700
2025-06-17 00:00:00-04:00,144.1038360595703,139108000
2025-06-18 00:00:00-04:00,145.46368408203125,161494100
2025-06-20 00:00:00-04:00,143.83387756347656,242956200
2025-06-23 00:00:00-04:00,144.15383911132812,154308900
2025-06-24 00:00:00-04:00,147.88340759277344,187566100
2025-06-25 00:00:00-04:00,154.29270935058594,269146500
2025-06-26 00:00:00-04:00,155.00262451171875,198145700
2025-06-27 00:00:00-04:00,157.73231506347656,263234500
2025-06-30 00:00:00-04:00,157.97230529785156,194580300
2025-07-01 00:00:00-04:00,153.2828369140625,213143600
2025-07-02 00:00:00-04:00,157.2323760986328,171224100
2025-07-03 00:00:00-04:00,159.3221435546875,143716100
2025-07-07 00:00:00-04:00,158.22227478027344,140139000
2025-07-08 00:00:00-04:00,159.98207092285156,138133000
2025-07-09 00:00:00-04:00,162.86175537109375,183656400
2025-07-10 00:00:00-04:00,164.0816192626953,167704100
2025-07-11 00:00:00-04:00,164.90151977539062,193633300
2025-07-14 00:00:00-04:00,164.05162048339844,136975800
2025-07-15 00:00:00-04:00,170.6808624267578,230627400
2025-07-16 00:00:00-04:00,171.35079956054688,158831500
2025-07-17 00:00:00-04:00,172.98062133789062,160841100
2025-07-18 00:00:00-04:00,172.39068603515625,146456400
2025-07-21 00:00:00-04:00,171.36080932617188,123126100
2025-07-22 00:00:00-04:00,167.01129150390625,193114300
2025-07-23 00:00:00-04:00,170.7608642578125,154082200
2025-07-24 00:00:00-04:00,173.7205352783203,128984600
2025-07-25 00:00:00-04:00,173.48056030273438,122316800
2025-07-28 00:00:00-04:00,176.73019409179688,140023500
2025-07-29 00:00:00-04:00,175.49032592773438,154077500
2025-07-30 00:00:00-04:00,179.2499237060547,174312200
2025-07-31 00:00:00-04:00,177.85006713867188,221685400
2025-08-01 00:00:00-04:00,173.70053100585938,204529000
2025-08-04 00:00:00-04:00,179.97982788085938,148174600
2025-08-05 00:00:00-04:00,178.24002075195312,156407600
2025-08-06 00:00:00-04:00,179.39988708496094,137192300
2025-08-07 00:00:00-04:00,180.74974060058594,151878400
2025-08-08 00:00:00-04:00,182.6795196533203,123396700
2025-08-11 00:00:00-04:00,182.0395965576172,138323200
2025-08-12 00:00:00-04:00,183.1394805908203,145485700
2025-08-13 00:00:00-04:00,181.56964111328125,179871700
2025-08-14 00:00:00-04:00,181.99960327148438,129554000
2025-08-15 00:00:00-04:00,180.42977905273438,156602200
2025-08-18 00:00:00-04:00,181.98959350585938,132008000
2025-08-19 00:00:00-04:00,175.6203155517578,185229200
2025-08-20 00:00:00-04:00,175.38034057617188,215142700
2025-08-21 00:00:00-04:00,174.96038818359375,140040900
2025-08-22 00:00:00-04:00,177.97006225585938,172789400
2025-08-25 00:00:00-04:00,179.78985595703125,163012800
2025-08-26 00:00:00-04:00,181.7496337890625,168688200
2025-08-27 00:00:00-04:00,181.57965087890625,235518900
2025-08-28 00:00:00-04:00,180.14981079101562,281787800
2025-08-29 00:00:00-04:00,174.1604766845703,243257900
2025-09-02 00:00:00-04:00,170.7608642578125,231164900
2025-09-03 00:00:00-04:00,170.60089111328125,164424900
2025-09-04 00:00:00-04:00,171.64077758789062,141670100
2025-09-05 00:00:00-04:00,167.0012969970703,224441400
2025-09-08 00:00:00-04:00,168.2911376953125,163769100
2025-09-09 00:00:00-04:00,170.74085998535156,157548400
2025-09-10 00:00:00-04:00,177.3101348876953,226852000
2025-09-11 00:00:00-04:00,177.16014099121094,151159300
2025-09-12 00:00:00-04:00,177.8101043701172,124911000
2025-09-15 00:00:00-04:00,177.74009704589844,147061600
2025-09-16 00:00:00-04:00,174.87026977539062,140737800
2025-09-17 00:00:00-04:00,170.280517578125,211843800
2025-09-18 00:00:00-04:00,176.23019409179688,191763300
2025-09-19 00:00:00-04:00,176.66015625,237182100
2025-09-22 00:00:00-04:00,183.5997772216797,269637000
2025-09-23 00:00:00-04:00,178.42005920410156,192559600
2025-09-24 00:00:00-04:00,176.96014404296875,143564100
2025-09-25 00:00:00-04:00,177.68011474609375,191586700
2025-09-26 00:00:00-04:00,178.18008422851562,148573700
2025-09-29 00:00:00-04:00,181.8398895263672,193063500
2025-09-30 00:00:00-04:00,186.56961059570312,236981000
2025-10-01 00:00:00-04:00,187.22958374023438,173844900
2025-10-02 00:00:00-04:00,188.87948608398438,136805800
2025-10-03 00:00:00-04:00,187.6095428466797,137596900
2025-10-06 00:00:00-04:00,185.5296630859375,157678100
2025-10-07 00:00:00-04:00,185.02969360351562,140088000
2025-10-08 00:00:00-04:00,189.09947204589844,130168900
2025-10-09 00:00:00-04:00,192.5592803955078,182997200
2025-10-10 00:00:00-04:00,183.14981079101562,268774400
2025-10-13 00:00:00-04:00,188.3095245361328,153482800
2025-10-14 00:00:00-04:00,180.0199737548828,205641400
2025-10-15 00:00:00-04:00,179.8199920654297,214450500
2025-10-16 00:00:00-04:00,181.7998809814453,179723300
2025-10-17 00:00:00-04:00,183.20980834960938,173135200
2025-10-20 00:00:00-04:00,182.6298370361328,128544700
2025-10-21 00:00:00-04:00,181.14991760253906,124240200
2025-10-22 00:00:00-04:00,180.26995849609375,162249600
2025-10-23 00:00:00-04:00,182.1498565673828,111363700
2025-10-24 00:00:00-04:00,186.24961853027344,131296700
2025-10-27 00:00:00-04:00,191.47933959960938,153452700
2025-10-28 00:00:00-04:00,201.01881408691406,297986200
2025-10-29 00:00:00-04:00,207.02847290039062,308829600
2025-10-30 00:00:00-04:00,202.8787078857422,178864400
2025-10-31 00:00:00-04:00,202.47872924804688,179802200
2025-11-03 00:00:00-05:00,206.8684844970703,180267300
2025-11-04 00:00:00-05:00,198.67893981933594,188919300
2025-11-05 00:00:00-05:00,195.1991424560547,171350300
2025-11-06 00:00:00-05:00,188.0695343017578,223029800
2025-11-07 00:00:00-05:00,188.1395263671875,264942300
2025-11-10 00:00:00-05:00,199.03892517089844,198897100
2025-11-11 00:00:00-05:00,193.1492462158203,176483300
2025-11-12 00:00:00-05:00,193.78921508789062,154935300
2025-11-13 00:00:00-05:00,186.84959411621094,207423100
2025-11-14 00:00:00-05:00,190.15940856933594,186591900
2025-11-17 00:00:00-05:00,186.58961486816406,173628900
2025-11-18 00:00:00-05:00,181.3498992919922,213598900
2025-11-19 00:00:00-05:00,186.50961303710938,247246400
2025-11-20 00:00:00-05:00,180.62994384765625,343504800
2025-11-21 00:00:00-05:00,178.8700408935547,346926200
2025-11-24 00:00:00-05:00,182.5398406982422,256618300
2025-11-25 00:00:00-05:00,177.8101043701172,320600300
2025-11-26 00:00:00-05:00,180.2499542236328,183852000
2025-11-28 00:00:00-05:00,176.99014282226562,121332800
2025-12-01 00:00:00-05:00,179.9099884033203,188131000
2025-12-02 00:00:00-05:00,181.4499053955078,182632200
2025-12-03 00:00:00-05:00,179.5800018310547,165138000
2025-12-04 00:00:00-05:00,183.3800048828125,167364900
2025-12-05 00:00:00-05:00,182.41000366210938,143971100
2025-12-08 00:00:00-05:00,185.5500030517578,204378100
2025-12-09 00:00:00-05:00,184.97000122070312,144719700
2025-12-10 00:00:00-05:00,183.77999877929688,162785400
2025-12-11 00:00:00-05:00,180.92999267578125,182136600
2025-12-12 00:00:00-05:00,175.02000427246094,204274900
2025-12-15 00:00:00-05:00,176.2899932861328,164775600
2025-12-16 00:00:00-05:00,177.72000122070312,148588100
2025-12-17 00:00:00-05:00,170.94000244140625,222775500
2025-12-18 00:00:00-05:00,174.13999938964844,176096000
2025-12-19 00:00:00-05:00,180.99000549316406,324925900
2025-12-22 00:00:00-05:00,183.69000244140625,129064400
2025-12-23 00:00:00-05:00,189.2100067138672,174873600
2025-12-24 00:00:00-05:00,188.61000061035156,65528500
2025-12-26 00:00:00-05:00,190.52999877929688,139740300
2025-12-29 00:00:00-05:00,188.22000122070312,120006100
2025-12-30 00:00:00-05:00,187.5399932861328,97687300
2025-12-31 00:00:00-05:00,186.5,120100500
2026-01-02 00:00:00-05:00,188.85000610351562,148240500
2026-01-05 00:00:00-05:00,188.1199951171875,183529700
2026-01-06 00:00:00-05:00,187.24000549316406,176862600
2026-01-07 00:00:00-05:00,189.11000061035156,153543200
2026-01-08 00:00:00-05:00,185.0399932861328,172457000
2026-01-09 00:00:00-05:00,184.86000061035156,131327500
2026-01-12 00:00:00-05:00,184.94000244140625,137968500
2026-01-13 00:00:00-05:00,185.80999755859375,160128900
2026-01-14 00:00:00-05:00,183.13999938964844,159586100
2026-01-15 00:00:00-05:00,187.0500030517578,206188600
2026-01-16 00:00:00-05:00,186.22999572753906,187967200
2026-01-20 00:00:00-05:00,178.07000732421875,223345300
2026-01-21 00:00:00-05:00,183.32000732421875,200381000
2026-01-22 00:00:00-05:00,184.83999633789062,139636600
2026-01-23 00:00:00-05:00,187.6699981689453,142748100
2026-01-26 00:00:00-05:00,186.47000122070312,124799600
2026-01-27 00:00:00-05:00,188.52000427246094,143711600
2026-01-28 00:00:00-05:00,191.52000427246094,148552700
2026-01-29 00:00:00-05:00,192.50999450683594,171764400
2026-01-30 00:00:00-05:00,191.1300048828125,179489500
2026-02-02 00:00:00-05:00,185.61000061035156,165794100
2026-02-03 00:00:00-05:00,180.33999633789062,204019600
2026-02-04 00:00:00-05:00,174.19000244140625,207014100
2026-02-05 00:00:00-05:00,171.8800048828125,206312900
2026-02-06 00:00:00-05:00,185.41000366210938,231346200
2026-02-09 00:00:00-05:00,190.0399932861328,196387400
2026-02-10 00:00:00-05:00,188.5399932861328,136764800
2026-02-11 00:00:00-05:00,190.0500030517578,144192700
2026-02-12 00:00:00-05:00,186.94000244140625,189932500
2026-02-13 00:00:00-05:00,182.80999755859375,161888000
2026-02-17 00:00:00-05:00,184.97000122070312,162276900
2026-02-18 00:00:00-05:00,187.97999572753906,164749100
2026-02-19 00:00:00-05:00,187.89999389648438,126554500
2026-02-20 00:00:00-05:00,189.82000732421875,178422300
2026-02-23 00:00:00-05:00,191.5500030517578,171584800
2026-02-24 00:00:00-05:00,192.85000610351562,175123600
2026-02-25 00:00:00-05:00,195.55999755859375,250637100
2026-02-26 00:00:00-05:00,184.88999938964844,360807900
2026-02-27 00:00:00-05:00,177.19000244140625,311636500
2026-03-02 00:00:00-05:00,182.47999572753906,209095300
2026-03-03 00:00:00-05:00,180.0500030517578,178099400
2026-03-04 00:00:00-05:00,183.0399932861328,177731200
2026-03-05 00:00:00-05:00,183.33999633789062,198779700
2026-03-06 00:00:00-05:00,177.82000732421875,188472400
2026-03-09 00:00:00-04:00,179.09500122070312,52530840
